#,Name,Dominion,Class,Role,Role Details,ID,Effect Name 1,Effect Type 1,Effect Details 1,Effect Name 2,Effect Type 2,Effect Details 2,Keywords,Ether,Prowess,Fortitude,Artwork,#Artwork Config,Flavour,Lore,Name Inspiration,Art Direction,Mechanic(s)
0001,Flint Dross,Rhavlika,CHAMPION,,,01RHA-01CHP-0001,SMOLDER,FREE ACTION,"All allies within **AURA(5)** become ""Molten"". If an ally is already ""Molten"", **SHIELD(1)** them instead.",,,,"RANGE(5), FORCE({M3/Icons/Dice/SQUARE.png})",,10,6,https://drive.google.com/thumbnail?id=13WI_tpSTqyzwtA2mRLllfj-4aCGBu9qZ&sz=w200,".png,50,0,100","""The God Weave weighs heavy, only the strong can resist being buried.""",,Flint (hard quartz rock used to spark fire) + Dross (scum/impurities on molten metal),,"!RANGE(5), !FORCE, ~Molten, #SHIELD"
0002,Ignatius Krag,Rhavlika,CHAMPION,,,01RHA-01CHP-0002,WILDFIRE,ABILITY,"During your opponent's epilogue, deal 2d2 damage to all enemies within **BLAST(1)** of each ally. If there are 3+ ""Molten"" allies within **AURA(5)** of this character, during your opponent's epilogue, this character deals an additional 2d2 damage to all enemies within **AURA(5)**.",,,,"RANGE(3), FORCE({M3/Icons/Dice/SQUARE.png})",,10,8,https://drive.google.com/thumbnail?id=10usCQKvF2-UdVcfz9MIIVhPN95oMUI0j&sz=w200,".png,50,0,100","""Burn hard, burn bright!""",,"Ignatius (fiery/Latin ""ignis"") + Krag (Crag, rugged rock)",,"~Molten, !RANGE(3), !FORCE, #Direct Damage, #BLAST, #AURA"
0003,The Kovarine,Rhavlika,FAMILIAR,COMPANION,Flint Dross,01RHA-02COM-0003,CONVECTIONS,ABILITY,"When this character becomes ""Molten"", **HEAL(2d2)** them. When this character becomes no longer ""Molten"", **SHIELD(2d2)** them.",,,,,8,8,8,https://drive.google.com/thumbnail?id=1dTiOCKfVQz16qqMxI7w0pheX8z9atgGS&sz=w200,".png,100,0,100",It's unwise to stand between a mother and her cubs.,,"Reference to a blacksmith + ""-ine""",A polecat/bear mix could use the binturong as a base but need bulk it up. I really want to capture the arched back of a polecat.,"~Molten, #HEAL, #SHIELD"
0004,Scoriath,Rhavlika,FAMILIAR,COMPANION,Ignatius Krag,01RHA-02COM-0004,BLAST FURNACE,ABILITY,"Whilst this character is ""Molten""; they gain **BLAST(1)**. If this character is ""Molten"", after they perform an *attack*, they summon a ""Fissure"" on each unoccupied space designated by the *attack*.
Each ""Fissure"" is a *catalyst* and *hazard* that allies may trigger to become ""Molten"", and causes enemies to suffer 2d2 damage. Each ""Fissure"" is removed after triggering. This effect persists until the last ""Fissure"" is removed.",,,,,8,8,8,https://drive.google.com/thumbnail?id=17sfyinMFP58lMh-vmaLwcl_km2L_d4MB&sz=w200,".png,50,0,100","The forgemaster's saw a forge that burned too hot, Ignatius saw a kindred spirit.",,"Scoria (cinderlike volcanic rock) + ""-th""",A forge elemental. Sentient equipment with limbs. Vomits slag as part of its attack.,"~Molten, #BLAST, #Catalyst, #Hazard, #Direct Damage, ~Fissure"
0005,Obduron,Rhavlika,FAMILIAR,,,01RHA-03FAM-0005,GUARDSTONE INTERCEPT,FREE ATTACK REACTION,"When an enemy performs a *manoeuvre* on an adjacent space, this character may perform an **ATTACK** against that enemy.",,,,RIPOSTE,6,6,6,https://drive.google.com/thumbnail?id=1BLEjPwIXSnFW--FhZSmmDEi-Yihnw-yv&sz=w200,".png,50,0,100",Traditionally used as gatekeepers and wardens.,,"Obdurate (stubborn/unyielding) + ""-on"" suffix (implies heaviness/construct)",Stonehenge like golem. Large forearms that form a blocking wall. Small spikes of flint peaking through an otherwise granite body.,"#RIPOSTE, #Intercept"
0006,Cinderhulk,Rhavlika,FAMILIAR,,,01RHA-03FAM-0006,FULMINATE SLAM,ATTACK MANOEUVRE,"Move this character to an available space within **RANGE(6d2)**, they then perform a **BLAST(1)** **ATTACK(-2)** on that space.",,,,,5,6,6,https://drive.google.com/thumbnail?id=1pmrDHwhcRp4Nsg9OrmPcjlG0XxS9PnOU&sz=w200,".png,50,0,100","By the time you realise it's very large but far away, it's become very close.",,"Cinder (burnt piece of coal/wood) + Hulk (large, heavy mass)",Magma minotaur but a ram's head. Thinking that a mountain goat will explain the leaping.,"#Move-and-Attack, #Bonus Movement, #BLAST"
0007,Saltpetre Pellobok,Rhavlika,FAMILIAR,,,01RHA-03FAM-0007,VOLATILE,ABILITY,"If this character is ""Molten"", when they suffer damage, each enemy within **BLAST(2)** suffers an **IMPACT(3)**, then remove this character as defeated.",,,,,4,4,4,https://drive.google.com/thumbnail?id=1weGVLEE8aZxY6ACnSRfcm92tX4kefm9dsz=w200,".png,50,0,100","Young apprentices learn by summoning pelloboks, not the exploding kind.",,Saltpetre (potassium nitrate) + Kolobok (Slavic round doughboy) + Pello (round),A small round ball of saltpetre. Small stubby legs barely hold it off the ground.,"#IMPACT, #BLAST"
0008,Shiverlate,Rhavlika,FAMILIAR,,,01RHA-03FAM-0008,LIQUIFATION,ATTACK,"This character performs an **AURA(2)** **ATTACK** that causes enemies to become ""Interred"" until after their next activation, but does not deal bonus damage.
Each ""Interred"" character is **SLOWED**, if it would become ""Interred"" again it is **ROOTED**.",,,,STEALTH,5,6,6,https://drive.google.com/thumbnail?id=1P1JB4y00J9oUcRgBnrUKidTKgaSxNTKZ&sz=w200,".png,50,0,100",The ribbing along its skin vibrates and breaks apart even the densest of soil.,,Shiver + Slate/Late (cold stone),"A giant earthworm. This was not going to be an ""elemental"" made from the earth but and actual creature the Rhavlikans have domesticated.","#STEALTH, #AURA, #SLOWED, ~Interred"
0009,Coalslitch,Rhavlika,FAMILIAR,,,01RHA-03FAM-0009,BURNING RESIDUE,ABILITY,"Whilst any enemy is *engaged in combat* with this character, they become ""Burnt"". During your opponent's epilogue, deal 2d2 damage to all ""Burnt"" enemies. Each ""Burnt"" enemy must pass a rank-2 check to successfully perform ""Disengage"".",,,,,5,6,6,https://drive.google.com/thumbnail?id=1LN2titrT8aGlTS5YXpbTX6NcWRak1HIA&sz=w200,".png,50,0,100",The magic sustaining this familiar keeps it burning forever.,,Coal + Slitch (slit/witch/sludge),A tar/pitch elemental that envelops its foes in hot tar.,"#Grapple, #Direct Damage, ~Burnt"
0010,Vasolith,Rhavlika,FAMILIAR,,,01RHA-03FAM-0010,SHIFT,ABILITY,"After this character performs an *attack* against an adjacent enemy, both they and the enemy, may be *compelled* to **MANOEUVRE(3d{M3/Icons/Dice/NULL.png})**, such that both remain adjacent and *engaged in combat*, if they were not defeated. This movement immediately disengages from other combats. ",,,,,5,6,6,https://drive.google.com/thumbnail?id=1gAFT_yO-6aB3GT9fn5u8xM85VWra9uMn&sz=w200,".jpg,50,0,100","The smaller variety are used as farm hands, the larger used to siege forts.",,"Vast + ""-lith"" (stone)","Lizard mixed with tectonic plate. I didn't want another turtle (to explain the ""stuff on its back"" and the way lizards have a very low centre of gravity would mimics how the plate sways.",#Move-and-Attack
0011,Talux,Rhavlika,FAMILIAR,,,01RHA-03FAM-0011,FLAIL,ATTACK EXERTION,This character performs a **BLAST(3)** **ATTACK(6d2)** on this space.,,,,,5,6,6,https://drive.google.com/thumbnail?id=1GZiiM3QbQgF5uoEJA3oFZF5_QwMO1p9x&sz=w200,".jpg,20,0,100",Incredibly strong magnetic fields allow taluxes to swing their ferrous bodies about.,,"Talus + ""-ux"" (added to sound magnetic)","A magnetically charged ""lodestone"" golem. Limbs made from separate pieces held together by magnetic fields. It can flail about like a mace.", #BLAST
0012,Caldrack,Rhavlika,FAMILIAR,,,01RHA-03FAM-0012,CAUSTIC ANTLERS,ABILITY,"This character gains **LETHAL(1d2)** when ""Molten"".",VITRIOLIC QUENCH,FREE ACTION,"This character may cease being ""Molten"" to **HEAL(3d2)** all allies within **AURA(3)**",,6,6,6,https://drive.google.com/file/d/19bGkKBwhSdJUKaYa4jcwy_P-p8bjH_Ev&sz=w200,".jpeg,50,0,100",The sinter that forms around the geyser antlers is beautiful but deadly.,,Caldera + Rack (stag antlers),Moose with antlers pointing up filled with water. The spokes are made from stalactites of salty deposits. The rest of the body is stone eroded smooth from running water.,"~Molten, #HEAL"
0013,Dune-Schrag,Rhavlika,FAMILIAR,,,01RHA-03FAM-0013,SHATTER STRIKE,FREE ACTION,"This character may cease being ""Molten"" to gain **BLAST(1)** until your next epilogue.",SHIFTING SANDS,ABILITY,"When this character is not ""Molten"", it causes enemies to become ""Interred"" until after their next activation, on each *attack*.
Each ""Interred"" character is **SLOWED**, if it would become ""Interred"" again it is **ROOTED**.",,5,6,6,https://drive.google.com/file/d/1XmjqYpuOQlGYK3RxO0RsRYzdIwcVlgi7&sz=w200,".jpeg,50,0,100","Voisira views the Dune-Schrags as a menace, but their glass as a blessing.",,"Dune as in mounds of sand, Schrag is from Schrat which is a wood sprite from German/Slavic folklore mixed with slag.",A sand golem. Expelling the Molten status is like turning their hand into glass which then shatters when it strikes an enemy.,"~Molten, #BLAST, ~Interred, #SLOWED"
0014,Fissureback,Rhavlika,FAMILIAR,,,01RHA-03FAM-0014,"NO PAIN, NO GAIN",FREE ACTION,This character may suffer 1 damage to gain **FORCE({M3/Icons/Dice/SQUARE.png})** until your next epilogue.,BLOW OUT,ABILITY,"When this character is defeated, each enemy within **BLAST(3)** suffers an **IMPACT(3)**.",,5,6,6,https://drive.google.com/file/d/1EtpHsS64OC2ZHkoZzHPmqs6ucccE2TAA&sz=w200,".jpeg,50,0,100",Unruly to a virtue.,,Fissure +back to sound boarish.,Overly round body like a boulder. Thin fissures are used to convey a brindling of the coat with small flames as tufts of fur along its back.,"#FORCE, #BLAST, #IMPACT"
0015,The Rock of Hrugar,Rhavlika,TALISMAN,,,01RHA-05TAL-0015,,,**STRENGTHEN(+2)** and **FORTIFY(+2)** this character.,,,,,2,,,https://drive.google.com/thumbnail?id=1xLkeRocfScuVcDyQSx9xDEFCyAwRxN3Z&sz=w200,".png,50,0,100",Hrugar first lit the red oblivion with this divine relic.,,Hrugar (original dwarven/nordic sounding name),,"!STRENGTHEN, !FORTIFY"
0016,Cord of Iron Beads,Rhavlika,TALISMAN,,,01RHA-05TAL-0016,,,"After this character defeats an enemy, they may then perform a **MANOEUVRE(1)**.",,,,,1,,,https://drive.google.com/thumbnail?id=1Vk0JVTt1lJJk5vRMTY6AxwOV-uAeaMvb&sz=w200,".png,50,0,100","These beads toll with a rhythmic ring as the wearer moves, the beat keeps the pace.",,Literal description (Buddhist/monastic prayer beads),,#Move-and-Attack
0017,Pyroclastic Discharge,Rhavlika,SPECIAL ACTION,SIGNATURE,Flint Dross,01RHA-06SIG-0017,,,"All enemies within **BLAST(2)** of any ""Molten"" ally suffers an **IMPACT(4)** and 2d2 damage.
All characters are no longer ""Molten"".",,,,,8,,,,".png,50,0,100",Ash doesn't sound dangerous until it's burning hot and everywhere.,,,,"#BLAST, #IMPACT, #Direct Damage, ~Molten"
0018,Short Fuse,Rhavlika,SPECIAL ACTION,SIGNATURE,Ignatius Krag,01RHA-06SIG-0018,,,"All ""Molten"" allies may perform an **ATTACK** as a *free action* until your next epilogue. Each ally is then no longer ""Molten"" unless they suffer 2d2 damage.",,,,,9,,,,".png,50,0,100","""What did you call me!?""",,,,#Extra Attack
0019,Thermal Venting,Rhavlika,SPECIAL ACTION,,,01RHA-07SPA-0019,,,"**STRENGTHEN(+1)** an ally until your next prologue. If the ally is ""Molten"", then **STRENGTHEN(+2)** them until your next prologue instead, and are no longer ""Molten"".",,,,,4,,,,".png,50,0,100","As the temperature rises, the pressure must be released somewhere.",,,,"#STRENGTHEN, ~Molten"
0020,Fissure Eruption,Rhavlika,SPECIAL ACTION,,,01RHA-07SPA-0020,,,"An ally performs the following *free action*:
Summon a ""Fissure"" on an available space within RANGE(3) of this character.
Each ""Fissure"" is a *hazard* that causes enemies to suffer 2d2 damage. Each ""Fissure"" is removed after triggering. This effect persists until the last ""Fissure"" is removed.",,,,RESERVE(2),6,,,,".png,50,0,100",This is how the land shows its wrath.,,,,"#Hazard, #Direct Damage, ~Fissure"
0021,Smoke Cloud,Rhavlika,SPECIAL ACTION,,,01RHA-07SPA-0021,,,"**FORTIFY(+1)** an ally against any *ranged* *attack* until your next prologue. If the ally is ""Molten"", they then additionally gain, **REINFORCE({M3/Icons/Dice/SQUARE.png})** against any *ranged* *attack* until your next prologue and are no longer ""Molten"".",,,,,4,,,,".png,50,0,100",It takes a lot to obscure a Rhavlikan familiar.,,,,"#FORTIFY, #REINFORCE, ~Molten"
0022,Obsidian Slumber,Rhavlika,SPECIAL ACTION,,,01RHA-07SPA-0022,,,"A character within **RANGE(1)** of a ""Molten"" ally becomes **STUNNED **, cannot be the *origin* or *focus* of any effects, and counts as a ""Menhir"".
Each ""Menhir"" is an *obstruction*. This effect persists until your next prologue, and the ally is no longer ""Molten"".",,,,,5,,,,".png,50,0,100",It won't be the most comfortable of rest.,,,,"#Obstruction, #STUNNED, #Untargetable, ~Interred, ~Menhir, ~Molten"
0023,Harden Crust,Rhavlika,SPECIAL ACTION,,,01RHA-07SPA-0023,,,"**HEAL(3d2)** an ally. If the ally is ""Molten"", additionally **SHIELD(3d2)** then and they are no longer ""Molten"".",,,,,5,,,,".png,50,0,100","The earth may bleed, but it heals robustly.",,,,"#HEAL, #SHIELD, ~Molten"
0024,Mantle Accretion,Rhavlika,SPECIAL ACTION,,,01RHA-07SPA-0024,,,"**HEAL(2d2)** all ""Molten"" allies and all allies are no longer 'Molten'.",,,,,8,,,,".png,50,0,100",The earth reborn.,,,,"#HEAL, ~Molten"
0025,Rupture Strike,Rhavlika,SPECIAL ACTION,,,01RHA-07SPA-0025,,,An ally gains **BLAST(+2)** until you next epilogue.,,,,,6,,,,".png,50,0,100","When pressures rise, things tend to get volatile.",,,,#BLAST
0026,Karst Shield,Rhavlika,SPECIAL ACTION,,,01RHA-07SPA-0026,,,"An ally gains **RIPOSTE** until your next prologue. If they are ""Molten"", additionally **SHIELD(2d2)** them and they are no longer ""Molten"".",,,,,6,,,,".png,50,0,100",The jagged skin of karst has rebuffed many foes.,,,,"#RIPOSTE, #SHIELD, ~Molten"
0027,Orogeny,Rhavlika,SPECIAL ACTION,,,01RHA-07SPA-0027,,,"An ally performs the following *free action*:
Summon a ""Menhir"" on an available space within **RANGE(3)** of this character.
Each ""Menhir"" is an *obstruction*. This effect persists until your next prologue.",,,,RESERVE(2),5,,,,".png,50,0,100",There be mountains.,,,,"#Obstruction, ~Menhir"
0028,Resonating Geode,Rhavlika,SPECIAL ACTION,,,01RHA-07SPA-0028,,,"An ally summons a ""Menhir"" on their space.
Each ""Menhir"" is a *totem*. **STRENGTHEN(+1)** and **FORTIFY(+1)** all allies within **AURA(3)** of a ""Menhir"". This effect persists until the last ""Menhir"" is removed.",,,,,6,,,,".jpg,50,0,100",Vibrating crystals at certain frequencies has proved beneficial.,,,,"#Totem, #STRENGTHEN, #FORTIFY, ~Menhir"
0029,Seismic Rebuke,Rhavlika,SPECIAL ACTION,,,01RHA-07SPA-0029,,,"All allies within AURA(3) of your champion gain the following *free attack reaction* until your next prologue:
When an enemy performs a *manoeuvre* on an adjacent space, this character may perform an **ATTACK** that enemy.",,,,,6,,,,".jpg,50,0,100",Come closer.,,,,#Intercept
0030,Tectonic Battery,Rhavlika,SPECIAL ACTION,,,01RHA-07SPA-0030,,,"An ally may perform an **ATTACK** as a *free action* until your next epilogue. If the ally was ""Molten"" they may perform an **ATTACK** 2 times, each as a *free action* until your next epilogue instead, but is no longer ""Molten"".",,,,,6,,,,".jpg,50,0,100",The fists of Rhavlika are not known to be gentle.,,,,"#Extra Attack, ~Molten"
0031,Reverberating Carapace,Rhavlika,SPECIAL ACTION,,,01RHA-07SPA-0031,,,"An ally gains **REFLECT** until your next prologue. If they are ""Molten"", additionally **SHIELD(2d2)** them and they are no longer ""Molten"".",,,,,6,,,,".jpg,50,0,100",Shake it off.,,,,"#REFLECT, #SHIELD, ~Molten"
0032,Blazing Charge,Rhavlika,SPECIAL ACTION,,,01RHA-07SPA-0032,,,"**STRENGTHEN(+1)** an ally for each space moved until your next epilogue and they perform the following *attack manoeuvre action*:
This character may move to an available space within **RANGE(6d2)**, then perform an **ATTACK**.",,,,,6,,,,".png,50,0,100",You will be surprised how fast Rhavlika can be.,,,,"#STRENGTHEN, #Bonus Movement, #Move-and-Attack"
0033,Mantle Breaker,Rhavlika,SPECIAL ACTION,,,01RHA-07SPA-0033,,,"An ally performs the following *attack action*:
This character performs an **ATTACK** with **FORCE({M3/Icons/Dice/SQUARE.png})** against an adjacent enemy. If this character is ""Molten"" the enemy becomes ""Burnt"" until your next prologue and this characters is no longer ""Molten"". During your opponent's epilogue, deal 2d2 damage to all ""Burnt"" enemies.",,,,,6,,,,".png,50,0,100",Earth shattering blow.,,,,"#FORCE, ~Molten, ~Burnt, #Direct Damage"
0034,Ripple Elshara,Iro-Si-Khar,CHAMPION,,,02IRO-01CHP-0034,CURRENT'S EMBRACE,ACTION,An ally within AURA(5) is *compelled* to MANOEUVRE(1+6d{M3/Icons/Dice/NULL.png}). They may move through all other characters but must end on an available space. This movement immediately disengages combat.,,,,RANGE(5),,8,6,https://drive.google.com/thumbnail?id=1IhC7Fo6AUMx2tOjYPSOyRBqvd2xlTDXP&sz=w200,".png,50,0,100","""I carve my own path.""",,Ripple (small wave) + Elshara (original fantasy surname),,"!RANGE(5), #Extra Manoeuvre"
0035,Thælass Elshara,Iro-Si-Khar,CHAMPION,,,02IRO-01CHP-0035,RIME BURST,FREE ATTACK,"**RESERVE(3)**
Designate an ally within **PIERCE(5)**. Each enemy within **BLAST(2)** of the ally suffers an **IMPACT(3)**, then defeat that ally.",,,,"RANGE(5), FORCE({M3/Icons/Dice/CIRCLE.png})",,9,6,https://drive.google.com/thumbnail?id=1MEYGe18TMuIQ7ZPYgjtwtJ1p76nL8IPj&sz=w200,".png,50,0,100","""We will crash against them until even their sediment washes away!""",,Thalassa (Greek primeval spirit of the sea) + Elshara,,"!RANGE(5), !FORCE, #IMPACT, #BLAST"
0036,Tocarin,Iro-Si-Khar,MINION,COMPANION,Ripple Elshara,02IRO-02COM-0036,HIS MASTER'S VOICE,ABILITY,Ripple Elshara's *Current's Embrace* *action* may use this character as the origin instead.,,,,RANGE(5),1,3,3,https://drive.google.com/thumbnail?id=1DE18G4HrnaQPopseN5tEwYygJNtJwU-1&sz=w200,".png,10,0,100",,,Toucan,Toucan/parrot hybrid with long tail feathers which end in giant globules of water or trail along the ground as a puddle.,"#RANGE(5), #Extra Manoeuvre"
0037,Pelazhiqi,Iro-Si-Khar,FAMILIAR,COMPANION,Thaelass Elshara,02IRO-02COM-0037,LOB,ABILITY,This character may ignore enemies when designating a *ranged* *attack*.,HURL,ABILITY,"After this character performs a *ranged* *attack*; they summon 1 ""Driplet"" on an available space within **BLAST(1)** of the focus of the *attack*. If an enemy was defeated; this character summons 2 ""Driplets"" instead.",RANGE(5),5,4,4,https://drive.google.com/thumbnail?id=1y2TsJ1bFn5YAo02YOdMRt2n_ZqLZanhy&sz=w200,".png,50,0,100",,,Pela (ocean/Pelagos) + Wuzhiqi (Chinese monkey spirit),"A ""sea monkey"". A mermaid but the mer- is a shrimp/prawn chitin, and the -maid is a monkey. It lobs water at the enemy presumedly drawn from its own...","#RANGE(5), ~Minion, #Indirect Attack"
0038,Tumultuous Dropple,Iro-Si-Khar,FAMILIAR,,,02IRO-03FAM-0038,TUMULT,ABILITY,"Whilst any ally is within **AURA(2)**, they will **SUNDER(-1)** enemies until your next epilogue, on each *attack*.",,,,RANGE(3),4,3,3,https://drive.google.com/thumbnail?id=15HDlursXINMi7LLsjOHHjCChSJ0nAjy0&sz=w200,".png,50,0,100",,,Tumultuous (stormy/chaotic) + Dropple (Dribble - a watery diminutive),A water elemental representing crashing waves.,"#RANGE(3), #SUNDER"
0039,Ponderous Dropple,Iro-Si-Khar,FAMILIAR,,,02IRO-03FAM-0039,DAMPENING,ACTION,"Whilst any ally is within **AURA(2)**, they gain **BLOCK(2d2)**. This effect persists until your next epilogue.",,,,RANGE(3),6,3,3,https://drive.google.com/thumbnail?id=1DN_l3NVLzpi4hEE5qCAOxksrrm8jnRE7&sz=w200,".png,50,0,100",,,Ponderous (slow/clumsy from weight) + Dropple,A water elemental representing still water. Produces a bubble of water to dampen attacks.,"#RANGE(3), #BLOCK"
0040,Puddling,Iro-Si-Khar,FAMILIAR,,,02IRO-03FAM-0040,POOL,ABILITY,"When this character is defeated, they summon 3 ""Driplets"" on any available spaces within **BLAST(1)**.",POP,FREE ACTION,Remove this character as defeated.,,3,3,3,https://drive.google.com/thumbnail?id=188vwm7GTRhd0PYut4WZd1uwWKCO0pjLc&sz=w200,".png,20,0,100",,,"Puddle + ""-ing"" (diminutive suffix for small offspring/creature)","Combination of puffer fish (without the spines) and a flat fish. When ""full"" of driplets it is inflated like a water balloon, when emptied (or burst) it deflates into a puddle.",~Minion
0041,Ko'hanu,Iro-Si-Khar,FAMILIAR,,,02IRO-03FAM-0041,SHELLBURST,ABILITY,"After this character performs a *ranged* *attack*; they summon 1 ""Driplet"" on an available space within **BLAST(1)** of the focus. If an enemy was defeated; this character summons 2 ""Driplets"" instead.",,,,RANGE(5),4,3,5,https://drive.google.com/thumbnail?id=1O60bQ9HjoYlT22eUPYCHUuDSnAbrnUb_&sz=w200,".png,100,0,100",,,Kohan (Japanese for lake shore) or Hawaiian root (Kohan),"This was going to be an ""artillery turtle"". This breaks the RANGE(5) means flying rule.","#RANGE(5), ~Minion"
0042,Maelia,Iro-Si-Khar,FAMILIAR,,,02IRO-03FAM-0042,LURE TO THE DEPTHS,ABILITY,"This character will **SUNDER(-1)** and **WEAKEN(-1)** enemies until your next epilogue, on each *attack*.",,,,"RANGE(3), BLAST(1)",5,4,3,https://drive.google.com/thumbnail?id=1WUJ7WmEH9gMC3o_s2Mfx-PVtNKjbCO9d{M3/Icons/Dice/NULL.png}sz=w200,".png,50,0,100",,,"Maelstrom + ""-ia"" ","I wanted to create a non-standard siren but tentacles should mean a grapple effect. The similarities to Ursula are not a mistake as I saw this as a ""water witch"".","#RANGE(3), #BLAST, #WEAKEN"
0043,Lugubrious Dropple,Iro-Si-Khar,FAMILIAR,,,02IRO-03FAM-0043,CONSOLIDATE,ABILITY,"If any ally is within **AURA(2)**, when they are defeated, they summon a ""Floe"" on their space.
Each ""Floe"" is a *hazard* that causes enemies to become **ROOTED** and **SUNDER(-1)** them until after their next activation. Each ""Floe"" is removed after triggering. This effect persists until the last ""Floe"" is removed.",,,,RANGE(3),4,3,3,https://drive.google.com/thumbnail?id=1TiJX7GXWPBse5OC84EsYRwNVpyzs5eH9&sz=w200,".png,50,0,100",,,Lugubrious (looking or sounding sad/dismal) + Dropple,"I ""iceberg"" elemental that slides around on its base.","#RANGE(3), #Hazard, #ROOTED, #SUNDER, ~Floe"
0044,Karkinkeep,Iro-Si-Khar,FAMILIAR,,,02IRO-03FAM-0044,LIMPET,ACTION,"Summon a ""Basin"" on an available adjacent space.
Each ""Basin"" is a *totem*. During your epilogue each ""Basin"" summons 1 ""Dripplet"" minion to the nearest available space. A ""Basin"" can only generate one ""Dripplet"" per epilogue. This effect persists until the last ""Basin"" is removed.",,,,,4,3,5,https://drive.google.com/thumbnail?id=1Y0RMRqMEPXJqGhRZ_5DUfckfLdC0bjGP&sz=w200,".png,50,0,100",,,"Karkin (Karkinos, giant crab) + Keep (fortress)",A crab with a shell producing foam which it places methodically. Not a hermit crab (that's too iconic) but a classic flat crab.,"#Totem, ~Minion"
0045,Boisterous Dropple,Iro-Si-Khar,FAMILIAR,,,02IRO-03FAM-0045,RILE,ABILITY,"Whilst any ally is within **AURA(2)**, they gain **CRITICAL** on each attack until your next epilogue.",,,,RANGE(3),4,3,3,https://drive.google.com/file/d/1P_t0m5y9VP5JfCkQxgHw1HRsXCHtDKxM&sz=w200,".jpeg,50,0,100",It barely manages to hold itself together.,,"Boisterous (noisy, energetic, and cheerful) + Dropple",Storm Dropple,"#RANGE(3), #CRITICAL-ATK"
0046,Qalupel,Iro-Si-Khar,FAMILIAR,,,02IRO-03FAM-0046,CATCH,ACTION,**PULL(6d{M3/Icons/Dice/NULL.png})** an enemy within **RANGE(5)**. This movement immediately disengages combat.,KEEP,ABILITY,"All enemies *engaged in combat* with this character; must pass a rank-2 check to successfully perform ""Disengage"".",,4,3,3,https://drive.google.com/file/d/1kLyJBlgf_4zbS0G2clxmtyoNxauvzPFf&sz=w200,".jpeg,50,0,100",,,From Qalupalik,Anglerfish,"#P-CLOSE, #Grapple"
0047,Tempeshu,Iro-Si-Khar,FAMILIAR,,,02IRO-03FAM-0047,INCLEMENCY,ACTION,"Summon a *conduit* on this space.
Each *conduit* is a *totem*. Whilst any alley is within **RANGE(5)** of a *conduit*, they will **SUNDER(-1)** enemies until your next epilogue, on each *attack*. This effect persists until the last *conduit* is removed.",,,,,4,4,3,https://drive.google.com/file/d/155C3n2vC8zGxM5OKloNDpnIMdQaNxttO&sz=w200,".jpeg,50,0,100",,,Tempest + Mishipeshu,"Rather than a large imposing Lynx it'll be a smaller cuter wild cat. We can lean into the aquatic theme with exaggerated catfish whiskers. Horns, spines, and scales","#SUNDER, #Totem, ~Conduit"
0048,Driplet,Iro-Si-Khar,MINION,,,02IRO-04MIN-0048,,,,,,,UNION(3),,3,3,https://drive.google.com/thumbnail?id=1KedCG-SZtFGa91p1wlnGVZtJJVMceXlF&sz=w200,".png,50,0,100","Where there's a drip, there's a flood.",,"Drip + ""-let"" (diminutive suffix, small drop)","A stack of three slime monsters, stacked on each other like ice cream scoops.",!UNION
0049,Jade-Cloud Catcher,Iro-Si-Khar,TALISMAN,,,02IRO-05TAL-0049,,,"When this character defeats an enemy, gain Xd2 ethemeralds, where X is the ether cost of the defeated enemy.",,,,,2,,,https://drive.google.com/thumbnail?id=15BtnzT1ciJfQEY63TKIhnbTSgtanPB-j&sz=w200,".png,50,0,100",,,Literal description (Asian inspired artifact),,#Ethemerald Generation
0050,Celadon Gourd,Iro-Si-Khar,TALISMAN,,,02IRO-05TAL-0050,,,"When this character is defeated, they summon 1 ""Driplet"" to the nearest available space.",,,,,1,,,https://drive.google.com/thumbnail?id=1byABag3-ty8NcN8Fw6tHzxBlBO5eByvG&sz=w200,".png,50,0,100",,,Celadon (pale greyish-green glaze) + Gourd,,~Minion
0051,Lamentable Flow,Iro-Si-Khar,SPECIAL ACTION,SIGNATURE,Ripple Elshara,02IRO-06SIG-0051,,,"All ally minions are immediately not engaged in combat. All ally minions may move through enemies but must end a *manoeuvre* on an available space, and do not trigger *reactions* due to performing a *manoeuvre* until your next epilogue. The first time an individual minion, moves through an enemy, that enemy suffers an **IMPACT(2)**.",,,,,5,,,,".png,50,0,100",,,,,"#Evade, #Nimble, #IMPACT, ~Minion"
0052,Roil,Iro-Si-Khar,SPECIAL ACTION,SIGNATURE,Thælass Elshara,02IRO-06SIG-0052,,,"All allies gain **CRITICAL({M3/Icons/Dice/CIRCLE.png})** on each *attack* by and against them, until your next prologue.",,,,,8,,,,".png,50,0,100",,,,,"#CRITICAL-ATK, #CRITICAL-DEF"
0053,Rip Tide,Iro-Si-Khar,SPECIAL ACTION,,,02IRO-07SPA-0053,,,"An ally performs the following *free action*:
**PULL(6d{M3/Icons/Dice/NULL.png})** all characters within **PIERCE(5)**. This movement immediately disengages combat",,,,,4,,,,".png,50,0,100",These waters are treacherous.,,,,#P-CLOSE
0054,Geyser Strike,Iro-Si-Khar,SPECIAL ACTION,,,02IRO-07SPA-0054,,,"An ally performs the following *free attack action*:
An enemy within **RANGE(5)** suffers an **IMPACT(3)**, then remove this character as defeated.",,,,,4,,,,".png,50,0,100",,,,,"#RANGE(5), #IMPACT, ~Minion"
0055,Tidal Surge,Iro-Si-Khar,SPECIAL ACTION,,,02IRO-07SPA-0055,,,"An ally performs the following *free action*:
**PUSH(6d{M3/Icons/Dice/NULL.png})** all characters within **PIERCE(3)**. This movement immediately disengages combat.",,,,,4,,,,".png,0,0,100",,,,,#P-AWAY
0056,Ameliorate,Iro-Si-Khar,SPECIAL ACTION,,,02IRO-07SPA-0056,,,"Each *wounded* character summons 1 ""Driplet"" in the nearest available space. *N.B. each wounded Driplet counts as wounded even if in **UNION(X)**, and a **UNION** not at capacity counts as an available space.*",,,,,6,,,,".png,50,0,100",,,,,~Minion
0057,Caught in the Eddies,Iro-Si-Khar,SPECIAL ACTION,,,02IRO-07SPA-0057,,,"Your champion performs the following *free action*:
An enemy within **RANGE(5)** becomes ""Sunk"" until your next prologue. Each ""Sunk"" character is **ROOTED**, and cannot be the *origin* or *focus* of any of you opponent's effects.",,,,,4,,,,".png,50,0,100",,,,,"#ROOTED, #Untargetable, ~Sunk"
0058,Permeate,Iro-Si-Khar,SPECIAL ACTION,,,02IRO-07SPA-0058,,,**WEAKEN(-1)** and **SUNDER(-1)** an enemy within **RANGE(5)** of an ally until your next prologue.,,,,,5,,,,".png,50,0,100",,,,,"#WEAKEN, #SUNDER"
0059,Glacial Prison,Iro-Si-Khar,SPECIAL ACTION,,,02IRO-07SPA-0059,,,"An ally performs the following *free action*:
A character within **RANGE(5)** of this character becomes **STUNNED **, cannot be the *origin* or *focus* of any effects, and counts as a ""Floe"", then remove this character as defeated.
Each ""Floe"" is an *obstruction*. This effect persists until your next prologue.",,,,,5,,,,".png,50,0,100",,,,,"#Obstruction, #STUNNED, #Untargetable, ~Frozen, ~Minion"
0060,Heavy Precipitation,Iro-Si-Khar,SPECIAL ACTION,,,02IRO-07SPA-0060,,,"An ally performs the following *free action*:
Whilst within **AURA(5)**, **WEAKEN(-1)** all enemies. This effect persists until your next prologue.",,,,,6,,,,".png,50,0,100",,,,,#WEAKEN
0061,Rime-Heart,Iro-Si-Khar,SPECIAL ACTION,,,02IRO-07SPA-0061,,,An ally gains **FORCE({M3/Icons/Dice/CIRCLE.png})** until your next epilogue.,,,,,6,,,,".png,50,0,100",,,,,#FORCE
0062,Undertow,Iro-Si-Khar,SPECIAL ACTION,,,02IRO-07SPA-0062,,,"All enemies *engaged in combat* with an ally become ""Sunk"" until you next prologue. When an ally performs an *attack* against a ""Sunk"" enemy, they gain **ADVANTAGE** on the *attack*. Each ""Sunk"" enemy must pass a rank-2 check to successfully perform ""Disengage"".",,,,,6,,,,".png,50,0,100",,,,,"#Grapple, #ADVANTAGE-ATK"
0063,Deluge,Iro-Si-Khar,SPECIAL ACTION,,,02IRO-07SPA-0063,,,"An ally performs the following *free action*:
Designate a space within **RANGE(3)** of this character, **PUSH(4d{M3/Icons/Dice/NULL.png})** and **SUNDER(-1)** all enemies within **BLAST(2)** of this space until your epilogue. This movement immediately disengages combat.",,,,,7,,,,".png,50,0,100",,,,,"#P-AWAY, #SUNDER"
0064,Aqueduct,Iro-Si-Khar,SPECIAL ACTION,,,02IRO-07SPA-0064,,,"Summon a *conduit* on an available space within **RANGE(3)** of an ally.
Each *conduit* is a *catalyst* that causes allies to gain 2 more *steps* this *manoeuvre*. This effect persists until your next epilogue.",,,,,5,,,,".png,50,0,100",,,,,"#Catalyst, #Bonus Movement, ~Conduit"
0065,Hoarfrost,Iro-Si-Khar,SPECIAL ACTION,,,02IRO-07SPA-0065,,,An ally gains **RIPOSTE** until your next prologue.,,,,,5,,,,".png,50,0,100",,,,,#RIPOSTE
0066,Condense,Iro-Si-Khar,SPECIAL ACTION,,,02IRO-07SPA-0066,,,Summon X Driplets to any available space adjacent to your champion. *N.B. This action still follows the standard limit of 3 Driplets to a UNION.*,,,,,X,,,,".png,50,0,100",,,,,~Minion
0067,Glissade,Iro-Si-Khar,SPECIAL ACTION,,,02IRO-07SPA-0067,,,"An ally performs the following *manoeuvre action*:
This character **MANOEUVRE(X)** where X is this character's remaining health. Summon a ""Floe"" on each space moved to during this action. Then remove this character as defeated. Each ""Floe"" is a *catalyst* that causes allies to gain 1 more *step* this *manoeuvre*. This effect persists until your next epilogue.",,,,,5,,,,".png,50,0,100",,,,,"#Catalyst, ~Floe, #Bonus Movement"
0068,Lark,Voisira,CHAMPION,,,03VOI-01CHP-0068,TRICK SHOT,SPECIAL ACTION | 4,"**QUICKCHARGE**
This character gains **PATH(5)** but loses **FORCE({M3/Icons/Dice/TRIANGLE.png})** on their next *attack*.",,,,"RANGE(10), FORCE({M3/Icons/Dice/TRIANGLE.png})",,9,6,https://drive.google.com/thumbnail?id=1ZrfkP8tMP7c3AoyFAbACBBMARU3HynZj&sz=w200,".png,0,0,100","""The Voisian winds are free, and I plan to join them.""",,"Lark (small songbird, implies freedom/early riser)",,"#RANGE(10), !FORCE, #PATH"
0069,Malika Saffron,Voisira,CHAMPION,,,03VOI-01CHP-0069,FORTUNE FAVOURS,FREE ACTION,An ally within **AURA(10)** becomes lucky.,,,,"RANGE(10), FORCE({M3/Icons/Dice/TRIANGLE.png})",,12,6,https://drive.google.com/thumbnail?id=1BzbncdomP_n6W8UEXBzYTbmPIvplC9Eh&sz=w200,".png,50,0,100","""I make my own luck.""",,Malika (Arabic for queen) + Saffron (expensive yellow spice),,"!STEALTH, #RANGE(10), !FORCE, #ADVANTAGE-ATK, ~Lucky"
0070,Calazi,Voisira,MINION,COMPANION,Lark,03VOI-02COM-0070,BIRD CALL,ACTION,After any ally within **AURA(2)** performs a *ranged* *attack*; they may then perform a **MANOEUVRE(1)**.,,,,"SLIGHT, RANGE(5)",1,3,3,https://drive.google.com/thumbnail?id=1sM_11zUUmKkv70Kdfan0EAbpH7L4t6Fj&sz=w200,".png,50,0,100",,,"Reference to a lark (e.g., Calandra lark)",A crested lark.,"#RANGE(5), #Move-and-Attack"
0071,Mabruqa,Voisira,FAMILIAR,COMPANION,Malika Saffron,03VOI-02COM-0071,"""PROSPEROUS""",ABILITY,During your epilogue this character becomes lucky.,,,,"STEALTH, RANGE(10)",7,6,6,https://drive.google.com/thumbnail?id=1bQnYhFlYzEz6HfV_lTHlBPWGgBZyZexc&sz=w200,".png,0,0,100",,,Thin humanoid enveloped in nettle like foliage.,A giant bird that walks on its wings (like a wyvern). I wanted to try and capture the evolutionary half-way between a dinosaur and a bird.,"#RANGE(10), #STEALTH, #ADVANTAGE-ATK, ~Lucky"
0072,Huma'ra,Voisira,FAMILIAR,,,03VOI-03FAM-0072,LIGHTNING STRIKE,ABILITY,After this character performs a *ranged* *attack*; they may then perform a **MANOEUVRE(3d{M3/Icons/Dice/NULL.png})**.,,,,RANGE(5),5,4,4,https://drive.google.com/thumbnail?id=1snr94msfCLORM8sdsucJjavUExWKBAel&sz=w200,".png,50,0,100",,,Huma bird (Iranian mythological bird of fortune that never touches the ground),A legless (or at least hidden legs) of a bird with a twisty tail whipping about.,"#RANGE(5), #Move-and-Attack"
0073,Lu'ann,Voisira,FAMILIAR,,,03VOI-03FAM-0073,FLEET OF FOOT,MANOEUVRE,This character may perform a **MANOEUVRE(6d2)**.,,,,FORERUNNER,4,4,4,https://drive.google.com/thumbnail?id=1ZGbOWO3vjeFe3gZOE16CUN1gO7FLdXy6&sz=w200,".png,0,0,100",,,Luan (Chinese mythological bird related to the phoenix),A flightless bird quickly running about. Looks more like an emu or ostrich.,"#FORERUNNER, #Bonus Movement"
0074,Shahbane,Voisira,FAMILIAR,,,03VOI-03FAM-0074,LANCE OF THE SHAHBANE,ACTION,"This character becomes ""Airborne"". Any character may cease to be ""Airborne"" to gain **PIERCE(10)** on their next *attack*.",,,,RANGE(5),5,4,4,https://drive.google.com/thumbnail?id=1tIO4uBRdRtxrzpbVSPtGir2Dy7jmalad{M3/Icons/Dice/NULL.png}sz=w200,".png,50,0,100",,,Shahbaz (Persian mythological falcon),"An eagle related familiar flying high, gathering electrical charge from the sky.","#RANGE(5), #RANGE(10), #PIERCE, ~Airborne"
0075,Conro,Voisira,FAMILIAR,,,03VOI-03FAM-0075,PLUMMETING STRIKE,ABILITY,"This character will **PUSH(3d{M3/Icons/Dice/NULL.png})** enemies on each *ranged* *attack*, the enemy then becomes *gauged*. This movement immediately disengages combat.
When any ally performs an *attack* against a *gauged* enemy, they gain **ADVANTAGE** on the *attack* and the enemy is no longer *gauged*. This effect persists until the last *gauged* character is defeated.",,,,"FLANK, RANGE(5)",5,4,4,https://drive.google.com/thumbnail?id=17AWdT9iws8oX3ouNZraGPLFl8aMFnyfJ&sz=w200,".png,50,0,100",,,Konrul (mythological bird),"The source on inspiration is a ""hybrid"" monster which I typically leave for the veritians but given this is always described as a bird I think this is safe.","#FLANK, #RANGE(5), #ADVANTAGE-ATK, #P-AWAY, ~Gauged"
0076,Lillanir,Voisira,FAMILIAR,,,03VOI-03FAM-0076,FAVOURABLE WINDS,ABILITY,"Whilst within **AURA(2)**, **STRENGTHEN(+1)** all allies.",,,,RANGE(5),4,3,3,https://drive.google.com/thumbnail?id=1I0bk_O-q1iSYjhvoOPR0n2vMfN04jBma&sz=w200,".png,50,0,100",,,"Sumerian and Mesopotamian mythology, lil translates to ""wind"" or ""spirit"" (as seen in the wind demon Lilitu or the god Enlil). + anir",An air elemental. I was aiming for a cute cloud like entity.,"#RANGE(5), #STRENGTHEN"
0077,Alicanur,Voisira,FAMILIAR,,,03VOI-03FAM-0077,SHARP EYE,ABILITY,"When this character performs ""Overwatch"" they gain **RANGE(+5)** and always benefits from the ""Target of Opportunity"" bonus rule.",,,,RANGE(5),5,4,4,https://drive.google.com/thumbnail?id=1MF-qNnzBEdR_HvG458R23NGLXDpDKkqM&sz=w200,".png,50,0,100",,,Alicanto (mythological bird of Chile),The inspiration is a flightless bird which doesn't suit the theme. The is a sniper character so I was looking at an owl based look.,"#RANGE(5), #RANGE(10), ~Overwatch"
0078,Stympharaq,Voisira,FAMILIAR,,,03VOI-03FAM-0078,,,,,,,"PIERCE(3), REACH",4,4,4,https://drive.google.com/thumbnail?id=15CgMJVQ9fd7MoWJt_0L8wy685DuiddSS&sz=w200,".png,90,0,100",,,Stymphalian birds (Greek mythology) + Raq,A flightless bird with a long lance like beak.,"#PIERCE, #REACH"
0079,Calcytron,Voisira,FAMILIAR,,,03VOI-03FAM-0079,PUNCTURING DIVE,ABILITY,This character gains **PIERCE(5)** on each *ranged* *attack*.,,,,RANGE(5),5,4,4,https://drive.google.com/file/d/1zv00LWb7VENhd7DNp2IwrRk1qzGVEJrn/view?usp=drive_link,".jpeg,50,0,100",,,Halcyon+Cestros (Kestros),Kingfisher,"#PIERCE, #RANGE(5)"
0080,Hollow Kukkuhu,Voisira,FAMILIAR,,,03VOI-03FAM-0080,VEILED,ACTION,"This character performs a Xd{M3/Icons/Dice/NULL.png} rank-1 check, where X is the number of spaces to the nearest enemy. If the check is successful; this character is removed from the stage and must *emerge* next turn from **STEALTH**.",,,,"STEALTH, RANGE(5)",5,4,4,https://drive.google.com/file/d/1yGKSeMqZbxrzF6UhNDc0zvTmp-CiebMt/view?usp=drive_link,".jpeg,50,0,100",Don't be deceived.,,"Hollow meaning fake, Kukkuhu from Cuckoo",A mechanical cuckoo,"#STEALTH, #RANGE(5), #Emergence"
0081,Sunspur,Voisira,FAMILIAR,,,03VOI-03FAM-0081,BARBED RETORT,ACTION,"Summon a ""Trap"" on an available space within **RANGE(3)** of this character then **PUSH(1)** this character away from the ""Trap"".
Each ""Trap"" is a *hazard* that causes enemies to suffer 2d2 damage, they suffer +1 damage if they are already *wounded*. Each ""Trap"" is removed after triggering. This effect persists until the last ""Trap"" is removed.",,,,FORERUNNER,4,4,4,https://drive.google.com/file/d/1UuHppo96Yphfq2fspgB56yqcLvFVl2ac/view?usp=drive_link,".jpeg,50,0,100",Impales its prey on barbs of sunlight.,,Sun+spur referencing the trapping nature,Based on the real-world shrike#,"#FORERUNNER, ~Trap, #Hazard, #P-AWAY"
0082,The Kilit-Shard,Voisira,TALISMAN,,,03VOI-05TAL-0082,,,**STRENGTHEN(+1)** this character.,,,,,1,,,https://drive.google.com/thumbnail?id=1OyUKkGOhVMMGkwNeWny2erb2nqQe9o1X&sz=w200,".png,50,0,100",,,Kilit (Turkish for lock) or original,,!STRENGTHEN
0083,Dawn-Quill Vane,Voisira,TALISMAN,,,03VOI-05TAL-0083,,,This character gains **FORERUNNER**.,,,,,1,,,https://drive.google.com/thumbnail?id=1KlQMxRPz5y5ubNIaypPfIU4Idsie77JU&sz=w200,".png,50,0,100",,,Literal description (Sky/Bird motif),,#FORERUNNER
0084,Dart,Voisira,SPECIAL ACTION,SIGNATURE,Lark,03VOI-06SIG-0084,,,"Your champion is immediately not engaged in combat, gains **REACH**, and they do not trigger reactions. These effects last until your next epilogue. Your champion then performs the following *attack manoeuvre action* 2 times as a *free action*:
This character may perform a **MANOEUVRE(2)**, then they may perform an **ATTACK**.",,,,,7,,,,".png,50,0,100",,,,,"#Evade, #Move-and-Attack, #REACH"
0085,The Bold,Voisira,SPECIAL ACTION,SIGNATURE,Malika Saffron,03VOI-06SIG-0085,,,A character may cease to be lucky to gain **FORCE({M3/Icons/Dice/TRIANGLE.png})** and gain **LETHAL(2d2)** on their next *attack*.,,,,,8,,,,".png,70,0,100",,,,,"#FORCE, #LETHAL"
0086,Dust Bath,Voisira,SPECIAL ACTION,,,03VOI-07SPA-0086,,,"An ally may perform ""Disengage"" as a *free action* and gain **ADVANTAGE** on each *melee* *attack* against them until your next prologue.",,,,,5,,,,".png,50,0,100",,,,,"#Evade, #ADVANTAGE-DEF"
0087,"""Finish them!""",Voisira,SPECIAL ACTION,,,03VOI-07SPA-0087,,,"All allies gain **LETHAL(2d2)** for each *attack* against *wounded* enemies, until you next epilogue.",,,,,10,,,,".png,50,0,100",,,,,#LETHAL
0088,Gust,Voisira,SPECIAL ACTION,,,03VOI-07SPA-0088,,,"An ally performs the following *free action*:
**PUSH(4d{M3/Icons/Dice/NULL.png})** a character within **RANGE(5)**. This movement immediately disengages combat.",,,,,6,,,,".png,50,0,100",,,,,"#P-AWAY, #Extra Manoeuvre"
0089,Sand Blast,Voisira,SPECIAL ACTION,,,03VOI-07SPA-0089,,,An ally gains **BLAST(1)** until your next epilogue.,,,,,6,,,,".png,50,0,100",,,,,#BLAST
0090,"""Let the talons fly!""",Voisira,SPECIAL ACTION,,,03VOI-07SPA-0090,,,"An ally may perform an **ATTACK** 2 times, each as a *free actions* until your next epilogue.",,,,,8,,,,".png,50,0,100",,,,,#Extra Attack
0091,Snare,Voisira,SPECIAL ACTION,,,03VOI-07SPA-0091,,,"An ally performs the following *free action*:
Summon a ""Trap"" on an available space within **RANGE(3)** of this character.
Each ""Trap"" is a *hazard* that causes enemies to suffer 2d2 damage and become **ROOTED** until after their next activation. Each ""Trap"" is removed after triggering. This effect persists until the last ""Trap"" is removed.",,,,RESERVE(2),6,,,,".png,50,0,100",,,,,"#Hazard, #Direct Damage, #ROOTED, ~Trap"
0092,Sky Hunter's Roost,Voisira,SPECIAL ACTION,,,03VOI-07SPA-0092,,,"An ally summons a ""Roost"" on their space.
Each ""Roost"" is a *emplacement*. All allies occupying a ""Roost"" gain **RANGE(+5)** and **STRENGTHEN(+1)** them. This effect persists until the last ""Roost"" is removed.",,,,,5,,,,".png,50,0,100",The great hunting roosts of the Voisia provide excellent sightlines.,,,,"#Emplacement, #RANGE(10), #STRENGTHEN, ~Roost"
0093,Eye of the Hunter,Voisira,SPECIAL ACTION,,,03VOI-07SPA-0093,,,"When an ally performs an *attack*; **STRENGTHEN(+1)** them, and they gain **LETHAL(1d2)**. After this character defeats an enemy, they may then perform a **MANOEUVRE(3d{M3/Icons/Dice/NULL.png})**. This effect persists until your next epilogue.",,,,,5,,,,".png,50,0,100",,,,,"#STRENGTHEN, #LETHAL, #Move-and-Attack"
0094,Snatch Grab Vortex,Voisira,SPECIAL ACTION,,,03VOI-07SPA-0094,,,"An ally performs the following *free action*:
Designate a space within **RANGE(5)** of this character, **PULL(4d{M3/Icons/Dice/NULL.png})** all enemies within **BLAST(2)** of the space and they become **SLOWED** until after their next activation. This movement immediately disengages combat.",,,,,6,,,,".png,50,0,100",,,,,"#P-AWAY, #SLOWED"
0095,Flee,Voisira,SPECIAL ACTION,,,03VOI-07SPA-0095,,,"An ally performs the following *free manoeuvre action*:
An ally may perform a **MANOEUVRE(4d{M3/Icons/Dice/NULL.png})**. This movement immediately disengages combat.",,,,,5,,,,".png,50,0,100",,,,,"#Evade, #Extra Manoeuvre"
0096,Vantage Point,Voisira,SPECIAL ACTION,,,03VOI-07SPA-0096,,,An ally gains **RANGE(10)** and **ADVANTAGE** on its next *attack*.,,,,,6,,,,".png,50,0,100",,,,,"#RANGE(10), #ADVANTAGE-ATK"
0097,"""Light them up!""",Voisira,SPECIAL ACTION,,,03VOI-07SPA-0097,,,"An ally causes enemies to be *gauged* with their next *attack*.
When any ally performs an *attack* against a *gauged* enemy, they gain **ADVANTAGE** on the *attack* and the enemy is no longer *gauged*. This effect persists until the last *gauged* character is defeated.",,,,,6,,,,".png,50,0,100",,,,,"#ADVANTAGE-ATK, ~Gauged"
0098,"""Sic'em!""",Voisira,SPECIAL ACTION,,,03VOI-07SPA-0098,,,**STRENGTHEN(+1)** all allies until your next prologue.,,,,,8,,,,".png,50,0,100",,,,,#STRENGTHEN
0099,Plummet,Voisira,SPECIAL ACTION,,,03VOI-07SPA-0099,,,"An ally becomes ""Airborne"".
Whilst any character is ""Airborne"", they cannot be the *origin* or *focus* of any effects, and other characters may move through them. During your next epilogue, each character may cease to be ""Airborne"" to move to any space within RANGE(5) of an enemy within PATH(3) of them. This ally may then perform a *compelled* **ATTACK** against that enemy.",,,,,5,,,,".png,50,0,100",,,,,"#Extra Manoeuvre, #Extra Attack "
0100,Pinion Retort,Voisira,SPECIAL ACTION,,,03VOI-07SPA-0100,,,"**STRENGTHEN(+1)** and ally and when they perform their next *ranged* *attack*, **PUSH(1)** them away from the focus of the *attack*.",,,,,3,,,,".png,50,0,100",,,,,"#Strengthen, #P-Away, "
0101,"Valex, the Final Plume",Xalakith,CHAMPION,,,04XAL-01CHP-0101,MANDATE OF RESTORATION,ABILITY,"When an ally completes the *Draw Font* action, **SHIELD(2d2)** them and all adjacent allies.",,,,"RANGE(5), FORCE({M3/Icons/Dice/SQUARE.png})",,9,7,https://drive.google.com/thumbnail?id=1uOra4aacU1LUDxw5CLtfhtlKDG89OFYB&sz=w200,".png,50,0,100","""The Empire is not lost, it will recover!""",,"Valex (Valor/Lex - law) + Plume (feather, or decorative helmet crest)",,"!RANGE(5), !FORCE, #SHIELD"
0102,"Micteca, the Unsetting Sun",Xalakith,CHAMPION,,,04XAL-01CHP-0102,RELENTLESS ADVANCE,ABILITY,"After an ally within **AURA(10)**, defeats an enemy; that ally and all adjacent allies, may be *compelled* to **MANOEUVRE(1)**.",,,,RANGE(5),,7,6,https://drive.google.com/thumbnail?id=1-Fi11S7vRASBJgcoIHz_l1CFOXwFqMDd{M3/Icons/Dice/NULL.png}sz=w200,".png,50,0,100","""Attonomy is fine as long as you follow my commands.""",,Mictlan (Aztec underworld) / Mixtec people,,"!RANGE(5), #Extra Manoeuvre"
0103,Ryuztli,Xalakith,FAMILIAR,COMPANION,Valex the Final Plume,04XAL-02COM-0103,COPPERSCALE INTERCEPT,FREE ATTACK REACTION,"If this character is adjacent to an ally, when an enemy performs a *manoeuvre* on a space adjacent to that ally, this character may perform an **ATTACK** that enemy as if they were adjacent.",,,,"PIERCE(3), REACH",7,6,5,https://drive.google.com/thumbnail?id=1V3V_cuEP-UKU8O2Ao9hvwz7B2k1qjeJQ&sz=w200,".png,50,0,100",A loyal pet.,,"Ryu (Japanese dragon) + ""-ztli"" (Nahuatl suffix)",Another Xoalt (flying serpent) but this time with a coppery skin.,"#PIERCE, #REACH, #Intercept"
0104,Kibantli,Xalakith,FAMILIAR,COMPANION,Micteca the Unsetting Sun,04XAL-02COM-0104,TYRANNICAL CONSUMPTION,ABILITY,"When this character or any adjacent ally defeats an enemy, gain Xd2 ethemeralds, where X is the ether cost of this enemy.",,,,BLOCK(2d2),9,7,7,https://drive.google.com/thumbnail?id=1dotJTIBmkiLGH9gwEovOT4NYZUKU5Lth&sz=w200,".png,50,0,100",Yum.,,"I was aiming for a reference to ""king"" or ""tyrant"" given the visual reference, but it seems even AI can't unpick the mangling I did to the word.",A t rex human hybrid.,"#BLOCK, #Ethemerald Generation"
0105,Cuauhxic,Xalakith,FAMILIAR,,,04XAL-03FAM-0105,BULWARK,ABILITY,"Whilst adjacent, all allies gain **BLOCK(2d2)**.",,,,,7,4,7,https://drive.google.com/thumbnail?id=1V6CBUV6lu0WPFI3ulDhWiW4TKRuOmIXc&sz=w200,".png,50,0,100",,,Cuauhxicalli (Aztec eagle vessel for hearts) or Cuauhtli (Nahuatl for eagle),An eagle is a symbol of strength but this needs to be a defensive creature. I still like the beetle but it'll need a new name.,#BLOCK
0106,Zephyr Xoatl,Xalakith,FAMILIAR,,,04XAL-03FAM-0106,WHIPHEAD STRIKE,FREE ATTACK REACTION,"When an enemy performs a *melee* *attack* against an adjacent ally, this character may perform an **ATTACK** that enemy as if they were adjacent.",,,,"RANGE(3), REACH",5,5,4,https://drive.google.com/thumbnail?id=1QD4XUva7znEUdxzSneA347uDOkF4XmpT&sz=w200,".png,50,0,100",The Zephyr variety are renowned for their ariel speed and agility.,,Zephyr (Greek west wind) + Xoatl (Nahuatl for serpent),Winged serpent. This one should be coiled looking ready to spring forward.,"#RANGE(3), #Retaliate"
0107,Ixca,Xalakith,FAMILIAR,,,04XAL-03FAM-0107,RIGHTEOUS FERVOUR,ABILITY,Whilst adjacent to allies this character gains **PIERCE(5)**.,,,,RANGE(5),4,7,3,https://drive.google.com/thumbnail?id=11Y-2u1F5AVFmTcJPqBilnwJ-F5YSNHX-&sz=w200,".png,50,0,100",,,"Nahuatl root (Ixca - to roast/bake, or Ixcatec)",Spatuletail bird feathers,"#RANGE(5), #PIERCE"
0108,Malinal,Xalakith,FAMILIAR,,,04XAL-03FAM-0108,STELE OF SHARPENING,ABILITY,"This character summons a ""Stele"" rather than places a ""Link"" token.
Each ""Stele"" counts as a ""Link"", and is a *totem*. Whilst allies are within **RANGE(5)** of a ""Stele"", gain **LETHAL(1d2)**. A character can only benefit from one ""Stele"" at a time, and this effect persists until the last ""Stele"" is removed.",,,,RANGE(5),4,5,4,https://drive.google.com/thumbnail?id=1vrirgTBeAyCrRLrw9io1ent9ilA4STz1&sz=w200,".png,30,0,100",,,Malinalxochitl (Aztec sorceress/goddess of snakes/insects),Snakes are already covered by the Xoatls so we could focus on the insects. The existing art of a wolf is obviously a misdirection. Given the RANGE(5) it could be a flying insect. Maybe the giant dragonflies with some poisonous tail (explaining the extra damage).,"#RANGE(3), #Totem, #LETHAL, ~Stele"
0109,Tezcayotl,Xalakith,FAMILIAR,,,04XAL-03FAM-0109,REGRETFUL ECHO,ABILITY,"Whilst adjacent, all allies gain **RIPOSTE**.",,,,,6,4,7,https://drive.google.com/thumbnail?id=1zPsoOaSCiir4DSb-Xk-WbN6AiaOqu9_0&sz=w200,".png,50,0,100",,,"Tezcatlipoca (Aztec god of the night sky) / ""-yotl"" (Nahuatl suffix for abstract noun)",Pivot to a spiked dinosaur or stick with a beetle but add spikes?,#RIPOSTE
0110,Yolia,Xalakith,FAMILIAR,,,04XAL-03FAM-0110,SUNDERING STRIKE,ATTACK,"This character performs an **ATTACK** that will **SUNDER(-2)** enemies, but does not deal bonus damage.",,,,"SLIGHT, RANGE(3)",4,3,3,https://drive.google.com/thumbnail?id=182ugCG_jiDFKgQcWU2b_WvWiQH7B8Dk3&sz=w200,".png,0,0,100",,,Yolia (Nahuatl concept of soul/life force),This is a humming bird like soul familiar.,"#SLIGHT, #SUNDER"
0111,Zotzon,Xalakith,FAMILIAR,,,04XAL-03FAM-0111,COORDINATED ASSAULT,ABILITY,Whilst adjacent to allies this character and all adjacent allies gain **CRITICAL({M3/Icons/Dice/SQUARE.png})** on each *attack* by them.,,,,RANGE(5),5,6,4,https://drive.google.com/thumbnail?id=1n8AeoWiBIxlqgYwvuihCjISv4HmGiHSB&sz=w200,".png,50,0,100",,,"Sotz' or zotz is the K'iche' Maya word for ""bat"", perhaps I was thinking of the screech. Happy to change the art direction from howler monkey to bat.",Bat,"#RANGE(5), #CRITICAL-ATK, #CRITICAL-DEF"
0112,Xocotoc,Xalakith,FAMILIAR,,,04XAL-03FAM-0112,ANCESTRAL ECHO,ABILITY,Whilst adjacent to allies this character may perform an **ATTACK** as a *free action*.,,,,RANGE(5),4,6,3,,".jpeg,50,0,100",,,Rhythmic hammering of a woodpecker,Pale-billed Woodpecker,"#Extra Attack, #RANGE(5)"
0113,Malefic Xoatl,Xalakith,FAMILIAR,,,04XAL-03FAM-0113,TOMBANE VENOM,ABILITY,Whilst adjacent to allies this character gains **LETHAL(3d2)**.,,,,"RANGE(3), REACH",5,5,4,,".jpeg,50,0,100",,,Xoatl comes from Coatl,A venomous flying snake.,"#RANGE(3), #REACH, #LETHAL"
0114,Cipactin,Xalakith,FAMILIAR,,,04XAL-03FAM-0114,STELE OF AGGRESSION,ABILITY,"This character summons a ""Stele"" rather than places a ""Link"" token.
Each ""Stele"" counts as a ""Link"", and is a *totem*. Whilst allies are within **RANGE(5)** of a ""Stele"", gain **LETHAL(2d2)** on each *melee* *attack*. A character can only benefit from one ""Stele"" at a time, and this effect persists until the last ""Stele"" is removed.",,,,REINFORCE({M3/Icons/Dice/SQUARE.png}),7,4,7,,".jpeg,50,0,100",,,Cipactli,A crocodilian based demon with mouths on every joint. The original also seems to mix in fish and toad aspects we could use to add more variety.,"#REINFORCE, #LETHAL, ~Stele"
0115,Gilded Gun-Kan,Xalakith,TALISMAN,,,04XAL-05TAL-0115,,,"This character can place two ""Link"" tokens per activation.",,,,,2,,,https://drive.google.com/thumbnail?id=1-QASaDmnnwc15rHtvCgyRvSYxaBYq7pY&sz=w200,".png,50,0,100",A relic from a bygone era.,,Gilded + Fans of command (Gun-Kan),,~Link
0116,Re-Minted Obel,Xalakith,TALISMAN,,,04XAL-05TAL-0116,,,"When this character is being resummoned, decrease their ether cost by 1.",,,,,1,,,https://drive.google.com/thumbnail?id=1QXcWnZ2jY2PuQTuKQdyZs7_eQDDU2V9W&sz=w200,".png,50,0,100",This Xalakith tradition combines the only two certainties in life.,,Another Xoatl (flying serpent) but this time with a coppery skin.,,#Ether Discount
0117,Chimal's Decree,Xalakith,SPECIAL ACTION,SIGNATURE,"Valex, the Final Plume",04XAL-06SIG-0117,,,"Your champion performs the following *free action*:
**SHIELD(2d2)** an ally within **RANGE(5)** and all allies adjacent to them.",,,,,8,,,,".png,50,0,100",,,,,#SHIELD
0118,"""Bring hammers to anvils!""",Xalakith,SPECIAL ACTION,SIGNATURE,"Micteca, the Unsetting Sun",04XAL-06SIG-0118,,,"All allies may use their *fortitude* instead of *prowess* on each *attack* by them, until your next prologue.",,,,,9,,,,".png,50,0,100",,,,,!STRENGTHEN
0119,Tonalhualli,Xalakith,SPECIAL ACTION,,,04XAL-07SPA-0119,,,**HEAL(4D2)** an ally.,,,,,4,,,,".png,50,0,100",,,,,#HEAL
0120,Overbearing Advance,Xalakith,SPECIAL ACTION,,,04XAL-07SPA-0120,,,"An ally performs the following *free action*:
**PUSH(4d{M3/Icons/Dice/NULL.png})** all enemies within **BLAST(3)**. This movement immediately disengages combat.",,,,,4,,,,".png,50,0,100",,,,,#P-AWAY
0121,The Noose of Guilt,Xalakith,SPECIAL ACTION,,,04XAL-07SPA-0121,,,"An ally performs the following *free action*:
**PULL(6d{M3/Icons/Dice/NULL.png})** an enemy within **RANGE(5)**. This movement immediately disengages combat.",,,,,4,,,,".png,50,0,100",,,,,#P-CLOSE
0122,A'tlahtli,Xalakith,SPECIAL ACTION,,,04XAL-07SPA-0122,,,An ally may perform a **RANGE(5)** **ATTACK**.,,,,,5,,,,".png,50,0,100",,,,,"#RANGE(5), #Extra Attack"
0123,Teuctlix,Xalakith,SPECIAL ACTION,,,04XAL-07SPA-0123,,,"Your champion performs the following *free action*:
SUNDER(-1) all enemies within PIERCE(10) until your next prologue.",,,,,5,,,,".png,50,0,100",,,,,#SUNDER
0124,"""Charge the flanks!""",Xalakith,SPECIAL ACTION,,,04XAL-07SPA-0124,,,"An ally performs the following *free manoeuvre action*:
If an enemy is *engaged in combat* with an ally, and the enemy is within **PATH(5)** of this character; this character may perform a **MANOEUVRE(4)** but must end adjacent to that enemy.",,,,,2,,,,".png,50,0,100",,,,,#Extra Manoeuvre
0125,Phalanx,Xalakith,SPECIAL ACTION,,,04XAL-07SPA-0125,,,An ally gains **BLOCK(1D2)** until your next prologue. If they are adjacent to allies; they gain **BLOCK(2d2)** until your next prologue instead.,,,,RESERVE(2),4,,,,".png,50,0,100",,,,,#BLOCK
0126,Tezca's Wellspring,Xalakith,SPECIAL ACTION,,,04XAL-07SPA-0126,,,"An ally summons a ""Stele"" on their space.
Each ""Stele"" counts as a ""Link"" and is a *totem*. During your epilogue, **HEAL(2d2)** all allies within RANGE(5) of a ""Stele"". This effect persists until the last ""Stele"" is removed and a character can only benefit from one ""Stele"" at a time.",,,,,4,,,,".png,50,0,100",,,,,"#Totem, #HEAL, ~Stele"
0127,Aurelian Trident,Xalakith,SPECIAL ACTION,,,04XAL-07SPA-0127,,,"An ally may perform the following *manoeuvre action*:
This character and up to 2 designated allies within **PATH(5)** are *compelled* to **MANOEUVRE** sequentially, each placing a ""Link"" token after they move. Once all movements are complete, each must be adjacent to at least one other of these allies. They then **SUNDER(-X)** and **WEAKEN(-X)** all adjacent enemies until your next epilogue, where X is the number of allies that moved.",,,,,6,,,,".png,50,0,100",,,,,"#Extra Manoeuvre, #WEAKEN, #SUNDER"
0128,Tlaquepal,Xalakith,SPECIAL ACTION,,,04XAL-07SPA-0128,,,"An ally and all adjacent allies gain **ADVANTAGE** on each *attack* by them, until your next prologue.",,,,,7,,,,".png,50,0,100",,,,,#ADVANTAGE-ATK
0129,Suns' Verdict,Xalakith,SPECIAL ACTION,,,04XAL-07SPA-0129,,,"An ally performs the following *attack action*:
All enemies within **AURA(3)** suffer an **IMPACT(4)**.",,,,,7,,,,".png,50,0,100",,,,,"#AURA, #IMPACT"
0130,Sovereign Mandate,Xalakith,SPECIAL ACTION,,,04XAL-07SPA-0130,,,"An ally performs the following *free manoeuvre action*:
An adjacent character is *compelled* to **MANEUVER(4d{M3/Icons/Dice/NULL.png})**.",,,,,5,,,,".png,50,0,100",,,,,"#Extra Manoeuvre, #Nimble"
0131,Tzitzim's Vigil,Xalakith,SPECIAL ACTION,,,04XAL-07SPA-0131,,,"An ally and all adjacent allies gain the following *free attack reaction* until your next prologue:
When an enemy performs a *manoeuvre* on an adjacent space, this character may perform an **ATTACK** against that enemy.",,,,,5,,,,".png,50,0,100",,,,,#Intercept
0132,Stele of Dulling,Xalakith,SPECIAL ACTION,,,04XAL-07SPA-0132,,,"Transform a ""Link"" into a ""Stele"".
Each ""Stele"" is a ""Link"" and a *totem*. Whilst allies are within RANGE(5) of a ""Stele"" gain BLOCK(2d2). This effect persists until the last ""Stele"" is removed and a character can only benefit from one ""Stele"" at a time.",,,,RESERVE (2),6,,,,".png,50,0,100",,,,,"#BLOCK, #Totem, ~Stele"
0133,Bonds of Fervour,Xalakith,SPECIAL ACTION,,,04XAL-07SPA-0133,,,An ally gains **PIERCE(X)** and **LETHAL(Xd2)** on their next *attack* for each adjacent allies.,,,,,5,,,,".png,50,0,100",,,,,"#PIERCE, #LETHAL"
0134,"Iroko, the Evergreen",Ahèserec,CHAMPION,,,05AHE-01CHP-0134,SOOTHING SONG,FREE ACTION,"All allies within **AURA(10)** become ""Nourished"".",,,,"RANGE(5), FORCE({M3/Icons/Dice/CIRCLE.png})",,9,6,https://drive.google.com/thumbnail?id=1aYd1fDo3R0UveZTN_8Hk3vgnE2NrovjU&sz=w200,".png,50,0,100","""Yesterday's canopy becomes tomorrow's roots.""",,Iroko (large African hardwood tree),,"!RANGE(5), !FORCE, #HEAL, ~Nourished"
0135,"Draen, the Ashen Hart",Ahèserec,CHAMPION,,,05AHE-01CHP-0135,ENCROACH,ABILITY,"All ally minions count as occupying ""Loam"". All ally minions gain **CRITICAL({M3/Icons/Dice/CIRCLE.png})** on each *attack* by them.",,,,"RANGE(5), FORCE({M3/Icons/Dice/CIRCLE.png})",,10,7,https://drive.google.com/thumbnail?id=19Cs5kMoSYt6Za3Gd-gXUstnAXkOWEKKV&sz=w200,".png,50,0,100","""Iroko weeps for what was lost. They will weep for what they found.""","""They came with axe and fire, and they took the sun from the leaves. They scarred the soil and my flesh. Iroko weeps for what was lost. I will make them weep for what they found.""",Draen (Welsh for thorn) + Ashen (burnt) + Hart (stag),,"!RANGE(5), !FORCE, #CRITICAL-ATK, ~Minion"
0136,Opolkan,Ahèserec,MINION,COMPANION,Iroko the Evergreen,05AHE-02COM-0136,HARMONISE,ABILITY,"When Iroko, the Evergreen's performs the *Soothing Song* *action*, trigger a second occurrence with this character as its origin.",,,,"SLIGHT, RANGE(5)",1,3,3,https://drive.google.com/thumbnail?id=1_RWxIK4-NOKZWwCGBfh1Kljwg4MrtUUN&sz=w200,".png,50,0,100",,,"Poull is pool or pond in Breton, kan means to sing or a song in Breton.","A named Huskling which formed the body of a frog. A large gullet allows it to ""sing"" louder than such a small body would expect.","#SLIGHT, #HEAL, #RANGE(5)"
0137,Egunghi,Ahèserec,FAMILIAR,COMPANION,Draen the Ashen Hart,05AHE-02COM-0137,IRONSHELL CANOPY,ABILITY,"Adjacent allies gain **RIPOSTE** and **REFLECT**.
When an *attack* is performed against an adjacent ally, deal up to 2 of the damage to this character instead.",,,,"THICKETWAY, RIPOSTE, REFLECT",8,7,7,https://drive.google.com/thumbnail?id=16Umm5AT4y4QIv2J4qVF2BHj7fvyzbsXA&sz=w200,".png,50,0,100",,,Egungun (Yoruba masquerade/ancestors),A irontree tree man. It's fire retardant bark keeps it alive through forest fires but it should have some embers still burning. Iron nail like spikes should be protruding from it's skin like a chunga palm.,"#THICKETWAY, #RIPOSTE, #REFLECT, #Ward"
0138,Dolhyrmen,Ahèserec,FAMILIAR,,,05AHE-03FAM-0138,PROTECTIVE CANOPY,ABILITY,"**FORTIFY(+1)** all allies within **AURA(2)**.
When an *attack* is performed against an adjacent ally, deal up to 2 of the damage to this character instead.",,,,THICKETWAY,6,6,6,https://drive.google.com/thumbnail?id=10DWjZwZ1Uz8Lx4DgSNzonXwe7hrmjow1&sz=w200,".png,50,0,100",,,Dolmen (megalithic portal tomb) + Hyr/Men (wood/stone),A lushess green tree its vibrancy indicating how it provides a thick undergrowth.,"#THICKETWAY, #Ward, #FORTIFY"
0139,Aescorn Gardewrren,Ahèserec,FAMILIAR,,,05AHE-03FAM-0139,SOW,ACTION,"When this character occupies a ""Loam"", you may transform the ""Loam"" into a ""Sproutling"".
Each ""Sproutling"" is a *totem*. During your epilogue, all allies within **AURA(5)** of a ""Sproutling"" become ""Nourished"". During your opponent's epilogue, all enemies within **AURA(5)** of a ""Sproutling"" become ""Poisoned"".",,,,RANGE(3),4,4,4,https://drive.google.com/thumbnail?id=1OWbq3tx4_s5OaVMoEl-XhSusA029jO9d{M3/Icons/Dice/NULL.png}sz=w200,".png,70,0,100",,,"Aesc (Old English for Ash tree) + Acorn, Gardewrren (Derived from Welsh for guardian)",A small squirrel clutching a mystical acorn (aescorn).,"#RANGE(3), #Totem, #HEAL, #Direct Damage, #AURA, ~Sproutling, ~Nourished, ~Poisoned"
0140,Pochann,Ahèserec,FAMILIAR,,,05AHE-03FAM-0140,VENOM TIPPED FANGS,ABILITY,"This character becomes ""Nourished"" for each point of damage they deal. When an enemy becomes *engaged in combat* with this character, they become ""Poisoned"".",,,,STEALTH,5,6,4,https://drive.google.com/thumbnail?id=1YLCa0REE4ny4rtJeDzt7KvLUdAiOEIO9&sz=w200,".png,50,0,100",,,"From the Breton word for ""kiss"" pokan or pok.",A poisonous looking spider abseiling down stealthy from a tree.,"#STEALTH, #HEAL, #Direct Damage, ~Poison, ~Nourished"
0141,Lomanec'hel,Ahèserec,FAMILIAR,,,05AHE-03FAM-0141,FIGHTING DIRTY,ABILITY,"When this character performs an *attack* against an enemy *engaged in combat*, this character gains **ADVANTAGE** on the *attack*.",,,,FLANK,4,4,4,https://drive.google.com/thumbnail?id=1D0aa7BgOP3XsMnVpCHqA2RfqkQzJOonG&sz=w200,".png,90,0,100",,,Breton/Celtic roots: Loman (bare/bush) + C'hel (hidden),Fox (Reynard stand in).,"#FLANK, #ADVANTAGE-ATK"
0142,Bran-Siûl,Ahèserec,FAMILIAR,,,05AHE-03FAM-0142,FLEET OF WING,MANOEUVRE,This character may perform a **MANOEUVRE(6d2)**.,,,,"FORERUNNER, RANGE(5)",5,4,4,https://drive.google.com/thumbnail?id=1rSRc3T5JbL3zhHnXGgcoZzYVOshPmrdA&sz=w200,".png,50,0,100",,,Bran (Celtic/Welsh for raven/crow) + Siûl/Siul (Irish for walk/sail),Owl (with wings means RANGE(5)).,"#FORERUNNER, #RANGE(5), #Bonus Movement"
0143,Nettle-Shy,Ahèserec,FAMILIAR,,,05AHE-03FAM-0143,BRAMBLE PACT,ACTION,"All ally minions and **THICKETWAY** characters within **AURA(5)** gain **RIPOSTE** and cause enemies to become ""Poisoned"" with each *attack*.",,,,RANGE(3),5,5,5,https://drive.google.com/thumbnail?id=1zLpgeZ-PjK7t5i9E5Kk8FUv3e_50SPw6&sz=w200,".png,50,0,100",,,Nettle (stinging plant) + Shy. Took inspiration from the leshy. ,Thin humanoid enveloped in nettle like foliage.,"#RANGE(3), #RIPOSTE, #Direct Damage, ~Poison, ~THICKETWAY, ~Minion"
0144,Borejaun,Ahèserec,FAMILIAR,,,05AHE-03FAM-0144,VENGEFUL CANOPY,FREE ATTACK REACTION,"When an enemy performs a *melee* *attack* against an adjacent ally, this character may perform an **ATTACK** against that enemy as if they were adjacent.
When an *attack* is performed against an adjacent ally, deal up to 2 of the damage to this character instead.",,,,THICKETWAY,6,6,6,https://drive.google.com/thumbnail?id=1x2BPkbc0l-szgyj6BJyzXcCAZxiqCP1Q&sz=w200,".png,50,0,100",,,Basajaun (Basque wild man of the woods),A large browner tree man. Has a thick club like branch for protecting its allies.,"#THICKETWAY, #Retaliate, #Ward"
0145,Yacupilma,Ahèserec,FAMILIAR,,,05AHE-03FAM-0145,SERPENTWINE,ACTION,"**PULL(6d{M3/Icons/Dice/NULL.png})** an enemy within **RANGE(5)**. This movement immediately disengages combat. That enemy becomes *tangled* until after their next activation.
Each *tangled* enemy is **ROOTED**.",,,,STEALTH,5,6,4,,".jpeg,100,0,100",,,Yacumama + Pilpil (chameleon plant).,Large boa with multiple vine like tails coiling around its head.,"#STEALTH, #P-CLOSE, #ROOTED, ~Tangled"
0146,Wicker Weald,Ahèserec,FAMILIAR,,,05AHE-03FAM-0146,NUTRIENT ABSORPTION,ABILITY,"If a ""Loam"" is summoned within AURA(5); all allies within AURA(2) of that ""Loam"" become ""Nourished"".",,,,"RANGE(3), RIPOSTE",6,6,4,,".jpeg,50,0,100","Woven from whisper willow, the Weald nurtures the forest.",,Wicker + Weald,A large floating wicker wreath of thorns.,"#RANGE(3), #RIPOSTE, #HEAL, ~Nourished"
0147,Adzerin Swarm,Ahèserec,FAMILIAR,,,05AHE-03FAM-0147,CORROSIVE SWARM,ABILITY,"This character gains **REINFORCE({M3/Icons/Dice/CIRCLE.png})** against each *ranged* *attack* and they **SUNDER(-1)** enemies until your next epilogue, on each *attack*.",,,,SLIGHT,4,4,3,,".jpeg,50,0,100",,,Adze (folklore) + Pederin a necrotizing acid,A large swarm of flying insects that take a roughly humanoid monstrous form. The have a corrosive bite but also a vague ethereal body.,"#SLIGHT, #REINFORCE, #SUNDER"
0148,Huskling,Ahèserec,MINION,,,05AHE-04MIN-0148,VERDANT PROTECTOR,ABILITY,"Whilst this character occupies a ""Loam"", they gain **CRITICAL({M3/Icons/Dice/CIRCLE.png})** on each *attack* against them.",,,,SLIGHT,,3,3,https://drive.google.com/thumbnail?id=1Fa-ldDdiw23lf4wBfrkOwlXX5IdzH2qy&sz=w200,".png,50,0,100","The wisps seek bodies, whilst small only the detritus of the forest floor will do.",,"Husk (dry outer covering of a seed) + ""-ling"" (diminutive)","A huskling is made when the spirit of the forest congeals and begins forming a body out of the detritus on the forest floor: twigs, leaves, insect carapaces, etc","#SLIGHT, #CRITICAL-DEF"
0149,The Gnyar-Knot,Ahèserec,TALISMAN,,,05AHE-05TAL-0149,,,"This character becomes ""Nourished"" for each point of damage they deal.",,,,,2,,,https://drive.google.com/thumbnail?id=14xXpfckJVZDpNGchWAo9vaLylRBJE6nn&sz=w200,".png,50,0,100",,,Gnyar (gnarly/original) + Knot,,"#HEAL, ~Nourished"
0150,Ghul-Bark Pouch,Ahèserec,TALISMAN,,,05AHE-05TAL-0150,,,"When this character is defeated, they summon 1 ""Huskling"" onto their ""Loam"".",,,,,1,,,https://drive.google.com/thumbnail?id=1XZ6MkbL-nbok9WFzc9vZKjg-WI58vnKT&sz=w200,".png,50,0,100",,,Ghul (Arabic demon/ghoul) + Bark,,~Minion
0151,Siphoning Roots,Ahèserec,SPECIAL ACTION,SIGNATURE,"Iroko, the Evergreen",05AHE-06SIG-0151,,,"**SUNDER(-1)** all enemies, and all allies become ""Nourished"" for each point of damage they deal until your next epilogue.",,,,,8,,,,".png,50,0,100",,,,,"#SUNDER, #HEAL, ~Nourished"
0152,Ire of the Korinásh,Ahèserec,SPECIAL ACTION,SIGNATURE,"Draen, the Ashen Hart",05AHE-06SIG-0152,,,All ally minions gain **FORCE({M3/Icons/Dice/CIRCLE.png})** and **REINFORCE({M3/Icons/Dice/CIRCLE.png})** until your next epilogue.,,,,,8,,,,".png,50,0,100",,,,,"#CRITICAL-ATK, #CRITICAL-DEF"
0153,Thornlash,Ahèserec,SPECIAL ACTION,,,05AHE-07SPA-0153,,,An ally gains **PIERCE(5)** on their next *attack*.,,,,,4,,,,".png,50,0,100",A symbiotic growth provides additional offense.,,,,#PIERCE
0154,Fecund Explosion,Ahèserec,SPECIAL ACTION,,,05AHE-07SPA-0154,,,"All unoccupied ""Loam"" are transformed into a ""Huskling"" minion.",,,,,10,,,,".png,50,0,100",,,,,~Minion
0155,Thornmail Aegis,Ahèserec,SPECIAL ACTION,,,05AHE-07SPA-0155,,,An ally gains **RIPOSTE** until your next prologue.,,,,,4,,,,".png,50,0,100",,,,,#RIPOSTE
0156,Vaporous Bloom,Ahèserec,SPECIAL ACTION,,,05AHE-07SPA-0156,,,"All enemies within AURA(3) of a ""Loam"" become ""Poisoned"", then remove the ""Loam"".",,,,,6,,,,".png,50,0,100",,,,,"#Direct Damage, ~Poison"
0157,Vinesnare,Ahèserec,SPECIAL ACTION,,,05AHE-07SPA-0157,,,"Your champion performs the following *free action*:
An enemy within **RANGE(5)** becomes **ROOTED** and cannot be the origin or focus of any friendly effects until after their next activation.",,,,,6,,,,".png,50,0,100",,,,,#ROOTED
0158,Sylvan's Feast,Ahèserec,SPECIAL ACTION,,,05AHE-07SPA-0158,,,"An ally becomes ""Nourished"" for each point of damage they deal until your next prologue.",,,,,3,,,,".png,50,0,100",,,,,"#HEAL, ~Nourished"
0159,Ecology,Ahèserec,SPECIAL ACTION,,,05AHE-07SPA-0159,,,"All **THICKETWAY** allies become ""Nourished"".
When each ""Nourished"" character redirects damage to themselves, gain X ethemeralds, where X is the amount of damage redirected. This effect persists until the last ""Nourished"" character is defeated.",,,,,4,,,,".png,90,0,100",,,,,"#Ethemerald Generation, ~Nourished"
0160,Rootbound Grapple,Ahèserec,SPECIAL ACTION,,,05AHE-07SPA-0160,,,"Designate an ally, all enemies *engaged in combat* with this character become *tangled* until they are no longer *engaged in combat*.
When any ally performs an *attack* against an *tangled* enemy, that ally becomes ""Nourished"" for each point of damage they deal. All *tangled* enemies must pass a rank-2 check to successfully perform ""Disengage"".  This effect persists until the designated ally performs a *manoeuvre*.",,,,,4,,,,".png,50,0,100",,,,,"#Grapple, #HEAL, ~Nourished, ~Tangled"
0161,Undergrowth Assault,Ahèserec,SPECIAL ACTION,,,05AHE-07SPA-0161,,,All **THICKETWAY** allies may perform an **ATTACK** as a *free action* until you next epilogue.,,,,,6,,,,".png,50,0,100",,,,,#Extra Attack
0162,Thrive,Ahèserec,SPECIAL ACTION,,,05AHE-07SPA-0162,,,**HEAL(4D2)** an ally.,,,,,3,,,,".png,50,0,100",,,,,#HEAL
0163,Briar's Weep,Ahèserec,SPECIAL ACTION,,,05AHE-07SPA-0163,,,All allies gain **CRITICAL({M3/Icons/Dice/CIRCLE.png})** on each *attack* by them until your next prologue.,,,,,5,,,,".png,70,0,100",,,,,"#CRITICAL-ATK, #CRITICAL-DEF"
0164,Lignify,Ahèserec,SPECIAL ACTION,,,05AHE-07SPA-0164,,,"An ally adjacent to an ally minion gains **REINFORCE({M3/Icons/Dice/CIRCLE.png})** until your next prologue, then defeat the ally minion.",,,,,5,,,,".png,70,0,100",,,,,#REINFORCE
0165,Verdant Coil,Ahèserec,SPECIAL ACTION,,,05AHE-07SPA-0165,,,"An ally minion performs the following *free action*:
An adjacent enemy becomes **ROOTED** until after their next activation, then remove this character as defeated.",,,,RESERVE(2),4,,,,".png,50,0,100",,,,,#ROOTED
0166,Bough Strike,Ahèserec,SPECIAL ACTION,,,05AHE-07SPA-0166,,,"All allies within AURA(3) of your champion gain the following *free attack reaction* until your next prologue:
When an enemy performs a *manoeuvre* on an adjacent space, this character may perform an **ATTACK** against that enemy.",,,,,6,,,,".png,50,0,100",,,,,#Intercept
0167,Burgeon,Ahèserec,SPECIAL ACTION,,,05AHE-07SPA-0167,,,Summon a recharged defeated familiar with **THICKETWAY** to the location of an ally minion. Then remove this minion as defeated. X is the cost of the summoned familiar minus 3.,,,,,X,,,,".png,50,0,100",,,,,"#Ether Discount, ~Minion"
0168,Patience Wick,Veritian,CHAMPION,,,06VER-01CHP-0168,ECHO,FREE ACTION,"An ally within **AURA(10)** becomes in ""Dynamis"".
Any character may cease to be in ""Dynamis"" to repeat one *action* they already performed this activation.",,,,RANGE(5),,7,6,https://drive.google.com/thumbnail?id=1QPqmOzwA9Ttr7J16Vmfl7MVa5GF9AZUU&sz=w200,".png,50,0,100","""The future remains static, but the past changes with each person telling it.""",,"Patience (Puritan/virtue name) + Wick (candle wick, burning time)",,"!RANGE(5), #Extra Action, ~Dynamis"
0169,Clement Tacitus,Veritian,CHAMPION,,,06VER-01CHP-0169,RAPTURE,ABILITY,"This character causes enemies to become ""Fractured"" until your next epilogue on each *attack*.
Other characters can move through ""Fractured"" characters, but must end a *manoeuvre* on an available space.",,,,RANGE(5),,7,6,https://drive.google.com/thumbnail?id=1-eBRN2iZcchZMZFRuVh51IgZhes72YCj&sz=w200,".png,50,0,100","""I am not here to end your future, my child. I merely want to correct its course.""",,"Clement (merciful/mild) + Tacitus (Latin for silent, Roman historian)",,"!RANGE(5), #Nimble, ~Fractured"
0170,Pashan,Veritian,MINION,COMPANION,Patience Wick,06VER-02COM-0170,SHROUD,ACTION,"Remove this character and an adjacent character from the stage, ready to *emerge* when next activated.",,,,"STEALTH, RANGE(5)",1,3,3,https://drive.google.com/thumbnail?id=1kPn5u26n9ZQPhawZWyJVzTHkuCvVi5D-&sz=w200,".png,30,0,100",,,"Pasa is sanskrit for tether, bond, or guide.",A black housecat griffon.,"#STEALTH, #RANGE(5), #Emergence"
0171,The Anticoris,Veritian,FAMILIAR,COMPANION,Clement Tacitus,06VER-02COM-0171,TEMPORAL MISALIGNMENT,ABILITY,"When a *special action* is played, with an *origin* or a *focus* within **AURA(3)** increase their ether cost by 1.",,,,"STEALTH, PIERCE(3), LETHAL(1d2).",7,7,6,https://drive.google.com/thumbnail?id=18gze7awZEDB0V6py9HhfOiTDaI-5sEmp&sz=w200,".png,70,0,100",,,Manticore + Antichrist,A manticore,"#STEALTH, #PIERCE, #Ether Tax"
0172,Shadwul,Veritian,FAMILIAR,,,06VER-03FAM-0172,SLIPSTREAM,ABILITY,After this character performs an *attack*; they may then perform a **MANOEUVRE(4d{M3/Icons/Dice/NULL.png})**. This movement immediately disengages from combat. If the enemy was defeated by the *attack*; this character may then perform a **MANOEUVRE(6d2)** instead.,,,,STEALTH,6,6,5,https://drive.google.com/thumbnail?id=11nM938XtvQuLzeMRvaO2nwJm5A6jiRTP&sz=w200,".png,100,0,100","If you know where it was, it's already too late.",,"Shadow + ""-wul""",Panther-manticore without wings.,"#STEALTH, #Evade, #Move-and-Attack, #Bonus Movement"
0173,Phasmon,Veritian,FAMILIAR,,,06VER-03FAM-0173,STINGING TENTACLES,ABILITY,"When any ally performs an *attack* against an enemy *engaged in combat* with this character, that ally gains **LETHAL(2d2)**. All enemies *engaged in combat* with this character; must pass a rank-2 check to successfully perform ""Disengage"".",,,,FLANK,4,6,4,https://drive.google.com/thumbnail?id=10dlKyuTgdmtmBEvpgmvhBPhKaqPMFena&sz=w200,".png,30,0,100",,,"Phantasm / Phasma (ghost/spirit) + ""-on""","A jellyfish that ""floats in the time stream""","#FLANK, #Grapple, #LETHAL"
0174,Crystellus,Veritian,FAMILIAR,,,06VER-03FAM-0174,,,,,,,"FORERUNNER, RIPOSTE",5,5,5,https://drive.google.com/thumbnail?id=1GV9CdR0qMogJ0avQZ9ZzLKoWzo0Px3__&sz=w200,".png,0,0,100",,,Crystal + Chrysalis,"Early on I thought there would be a literal ""fabric of time"" that is a recurring motif. So Veritian magic is able to ""cut through"" or ""stich"" time. The crystellus was meant to be a ""silkworm"" which weaves these ""threads of time"". I'm not sure if that still works so we may need to revisit this art direction.","#FORERUNNER, #RIPOSTE"
0175,Occulacer,Veritian,FAMILIAR,,,06VER-03FAM-0175,FLURRY OF CLAWS,ABILITY,"After this character's *emergence*, they may perform an **ATTACK(-1)** 2 times, each as a *free action* until you next epilogue.",VEILED,ACTION,"This character performs a Xd{M3/Icons/Dice/NULL.png} rank-1 check, where X is the number of spaces to the nearest enemy. If the check is successful; this character is removed from the stage and must *emerge* next turn from **STEALTH**.",STEALTH,6,6,5,https://drive.google.com/thumbnail?id=1wwG8vfzn7GrcFo80IHiVFKCWu6uMB-qp&sz=w200,".png,100,0,100",,,Occult + Lacerate (tear),Serpopard,"#STEALTH, #Extra Attack, #Emergence"
0176,Hastaca,Veritian,FAMILIAR,,,06VER-03FAM-0176,STITCH IN TIME,ATTACK ,"This character performs a **PIERCE(5)** **ATTACK** that causes enemies to become in ""Stasis"" until after their next activation, but does not deal bonus damage.
Each character in ""Stasis"" is **SLOWED**.",,,,"FLANK, FORERUNNER",4,5,5,https://drive.google.com/thumbnail?id=1cQ1I6KTRAzf6QW-LQrGmSHXhtznFUC63&sz=w200,".png,60,0,100",,,"Hasta (Latin for spear) + ""ca""",I wanted to design a new hybrid animal but that failed I think having antlers or horns would explain the name and the charging theme.,"#FLANK, #FORERUNNER, #PIERCE, #SLOWED, ~Stasis"
0177,Anecdote,Veritian,FAMILIAR,,,06VER-03FAM-0177,FLICKER,ABILITY,This character may move through enemies but must end a *manoeuvre* on an available space.,,,,SLIGHT,5,3,5,https://drive.google.com/thumbnail?id=12zuU5z1hR4zNfuZ3CfVfRWPBBk7kY1ys&sz=w200,".png,50,0,100",,,"Anecdote as in a short amusing or interesting story, representing it being a small time pocket. Could be called Kairote (Ky-roat) if Anecdote is too up itself.","A ""time elemental"" a crystal which displays a trapped piece of time.","#SLIGHT, #Nimble"
0178,Gallitrice,Veritian,FAMILIAR,,,06VER-03FAM-0178,DEATH CROW,ABILITY,"When this character is defeated, all enemies within **AURA(3)** become **STUNNED** until after their next activation.",,,,FORERUNNER,4,3,3,https://drive.google.com/thumbnail?id=1x2PHL2fI8MudaTZw7hqxCBcPPh8c2i_t&sz=w200,".png,60,0,100",,,Cockatrice + Galli/Gallus (rooster),Cockatrice,"#FORERUNNER, #STUNNED"
0179,Fettermaw,Veritian,FAMILIAR,,,06VER-03FAM-0179,SNAP JAW,ATTACK,"This character performs an **ATTACK** that causes enemies to become ""Fractured"" until they are not engaged in combat with this character, but does not deal bonus damage. This character gains **SHIELD(X)** where X is the damage dealt with this attack.
Each ""Fractured"" character cannot be the *origin* or *focus* of any of your opponent's effects.",,,,FLANK,6,5,5,,".jpeg,100,0,100",,,Fetters+maw: referencing the lock down of jaws,"Based on Ammit: Crocodile, lion, hippo mix.","#FLANK, #SHIELD, #Untargetable, ~Fractured"
0180,Resonue,Veritian,FAMILIAR,,,06VER-03FAM-0180,EERIE CRY,ACTION,"All enemies within **AURA(3)** become in ""Stasis"" until after their next activation.
Each character in ""Stasis"" is **SLOWED**.",,,,STEALTH,6,6,5,,".jpeg,100,0,100",,,Resonate+Nue: combining the concept of the resonating cry and the Yonkai,"Based on the Japanese Nue: Monkey face, raccoon dog body, tiger limbs, snake (including head) as tail.","#STEALTH, ~Stasis, #SLOWED"
0181,Fluxen,Veritian,FAMILIAR,,,06VER-03FAM-0181,RESIDUAL DISTORTION,ABILITY,"After this character's *emergence* it becomes ""Phased"". 
Each ""Phased"" character cannot be engaged in combat. Any character may cease to be ""Phased"" to perform an **ATTACK** as a *free action*.",,,,STEALTH,5,6,4,,".jpeg,100,0,100","Of all the Veritan familiars, the Fluxen is the most inexplicable.",,Flux + vixen,Based on the Enfield: Fox+Lion+Talons,"#STEALTH, ~Phased, #Evade, #Extra Attack"
0182,Litany of the First-Stride,Veritian,TALISMAN,,,06VER-05TAL-0182,JUMP START,ABILITY,"During this character's *emergence*, they may move an additional 1 spaces.",,,,,1,,,https://drive.google.com/thumbnail?id=1DfJY-6Zfz85AnCFIqJBiChBojO9--zME&sz=w200,".png,50,0,100",,,Litany (prayer series) + First-Stride,,#Emergence
0183,Osmotic-Needle Censer,Veritian,TALISMAN,,,06VER-05TAL-0183,,,"When this character deals damage, it gains HEAL(X) where X is the damage dealt.",,,,,2,,,https://drive.google.com/thumbnail?id=1b2CPoAkY88VcWX0-UlxSpiub_evsd9fi&sz=w200,".png,50,0,100",,,Osmosis + Needle + Censer (incense burner),,#HEAL
0184,Apertures of Mirimara,Veritian,SPECIAL ACTION,SIGNATURE,Patience Wick,06VER-06SIG-0184,,,"An ally performs the following *free action*:
Summon a ""Rift"" within RANGE(3) of this character.
Each ""Rift"" is a *catalyst* that a character may trigger to move to any other ""Rift"" to continue their movement. This effect persists until the last ""Rift"" is removed.",,,,RESERVE(2),6,,,,".png,50,0,100",,,,,"#Catalyst, #Bonus Movement, ~Fold"
0185,The Abscission of Form,Veritian,SPECIAL ACTION,SIGNATURE,Clement Tacitus,06VER-06SIG-0185,,,"If any ally has **ADVANTAGE** when they perform an *attack*, they gain **LETHAL(1d2)**. This effect persists until your next epilogue.",,,,,8,,,,".png,50,0,100",,,,,"#LETHAL, #ADVANTAGE-ATK"
0186,Apotheosis,Veritian,SPECIAL ACTION,,,06VER-07SPA-0186,,,**HEAL(2d2)** all allies.,,,,,8,,,,".png,50,0,100",,,,,#HEAL
0187,Incipient Fracture,Veritian,SPECIAL ACTION,,,06VER-07SPA-0187,,,An ally gains **FORCE({M3/Icons/Dice/TRIANGLE.png})** until your next epilogue.,,,,,6,,,,".png,50,0,100",,,,,#FORCE
0188,Drift,Veritian,SPECIAL ACTION,,,06VER-07SPA-0188,,,An ally may *manoeuvre* through allies and enemies but must end a *manoeuvre* on an available space. This ally counts as if their *emergence* was this activation.,,,,,5,,,,".png,30,0,100",,,,,"#SLIGHT, #Nimble"
0189,Stasis Lock,Veritian,SPECIAL ACTION,,,06VER-07SPA-0189,,,"An ally performs the following *free action*:
Summon a *dial* on an available space within **RANGE(3)** of this character.
Each *dial* is a *hazard* that causes enemies to become **STUNNED ** until after their next activation. Each *dial* is removed after triggering. This effect persists until the last *dial* is removed.",,,,RESERVE(2),4,,,,".png,50,0,100","A moment frozen, is a moment preserved.",,,,"#Hazard, #STUNNED, ~Dial"
0190,Pertinent Rewind,Veritian,SPECIAL ACTION,,,06VER-07SPA-0190,,,An ally gains **REINFORCE({M3/Icons/Dice/TRIANGLE.png})** until your next prologue.,,,,,6,,,,".png,50,0,100",,,,,#REINFORCE
0191,Chronatic Snipe,Veritian,SPECIAL ACTION,,,06VER-07SPA-0191,,,An ally gains **PATH(5)** on their next *attack*.,,,,,6,,,,".png,50,0,100",,,,,#PATH
0192,Breach,Veritian,SPECIAL ACTION,,,06VER-07SPA-0192,,,"If an ally has **ADVANTAGE**, when they perform an *attack*, they gain **LETHAL(2d2)**. This effect persists until your next epilogue.",,,,RESERVE(2),4,,,,".png,50,0,100",,,,,"#LETHAL, #ADVANTAGE-ATK"
0193,Warp,Veritian,SPECIAL ACTION,,,06VER-07SPA-0193,,,An ally will **PUSH(4d{M3/Icons/Dice/NULL.png})** enemies on their next *attack*. This movement immediately disengages combat.,,,,,4,,,,".png,50,0,100",,,,,"#P-AWAY, #P-CLOSE"
0194,Punctual Arrival,Veritian,SPECIAL ACTION,,,06VER-07SPA-0194,,,"If any character performs an *emergence* during their activation, they gain **LETHAL(1d2)**. This effect persists until your next epilogue.",,,,,6,,,,".png,50,0,100",,,,,#LETHAL
0195,Displacement,Veritian,SPECIAL ACTION,,,06VER-07SPA-0195,,,"An ally becomes ""Phased"" and they summon a ""Rift"" on their space.
Each ""Rift"" is a *totem*. During your epilogue, any ally may cease to be ""Phased"" to move to any ""Rift"". This character counts as if their *emergence* was this activation. This effect persists until the end of you epilogue.",,,,,6,,,,".png,50,0,100",,,,,#Extra Manoeuvre
0196,Follow Through,Veritian,SPECIAL ACTION,,,06VER-07SPA-0196,,,"When any ally defeats an enemy, they may perform any *exertion* an additional time as a *free action* until your next epilogue. This effect persists until your epilogue.",,,,,5,,,,".png,50,0,100",,,,,#Extra Action
0197,Flashpoint,Veritian,SPECIAL ACTION,,,06VER-07SPA-0197,,,All enemies within **BLAST(1)** of an ally suffer an **IMPACT(3)**.,,,,,6,,,,".png,50,0,100",,,,,"#BLAST, #IMPACT"
0198,Veros' Breath,Veritian,SPECIAL ACTION,,,06VER-07SPA-0198,,,"An ally summons a *dial* on an available space within **RANGE(5)**.
Each *dial* is a *totem*. Whilst within **AURA(2)** of a *dial*, all enemies suffer **SLOWED** until after their next activation. This effect persists until your next prologue.",,,,,5,,,,".png,50,0,100",,,,,#SLOWED
0199,Snap,Veritian,SPECIAL ACTION,,,06VER-07SPA-0199,,,"After an ally's *emergence*, they gain **FORCE({M3/Icons/Dice/TRIANGLE.png})** until your next epilogue.",,,,RESERVE(2),4,,,,".png,50,0,100",,,,,#FORCE
0200,Chronatic Projection,Veritian,SPECIAL ACTION,,,06VER-07SPA-0200,,,"An ally that has already performed an *attack* this activation may performs the following *free* *attack*:
This character performs an *attack* with **PIERCE(3)** against an enemy this character already performed an *attack* against this activation.",,,,,5,,,,".png,50,0,100",,,,,"#Extra Attack, #PIERCE"